Song_Name,Artist,Danceability,Energy,Key,Loudness,Speechiness,Acousticness,Instrumentalness,Liveness,Valence,Temp,Target
Under The Sun (with J. Cole & Lute feat. DaBaby),Dreamville,0.691,0.64,0,-6.441,0.369,0.511,0,0.409,0.163,138.672,1
"Down Bad (feat. JID, Bas, J. Cole, EARTHGANG & Young Nudy)",Dreamville,0.761,0.586,0,-5.368,0.359,0.0392,0,0.0558,0.719,149.804,1
LamboTruck (with Cozz feat. REASON & Childish Major),Dreamville,0.678,0.695,10,-5.323,0.286,0.0485,0,0.254,0.242,135.044,1
"Swivel (with EARTHGANG) - From The Upcoming Album ""Mirrorland""",Dreamville,0.507,0.545,2,-7.209,0.43,0.25,0,0.239,0.392,78.461,1
"Oh Wow...Swerve (with J. Cole feat. Zoink Gang, KEY! & Maxo Kream)",Dreamville,0.509,0.703,1,-6.097,0.512,0.39,0,0.269,0.301,174.259,1
"Don't Hit Me Right Now (with Bas & Cozz feat. Yung Baby Tate, Guapdad 4000 & Buddy)",Dreamville,0.779,0.597,10,-6.694,0.0851,0.561,0,0.131,0.432,124.056,1
Wells Fargo (with JID & EARTHGANG feat. Buddy & Guapdad 4000) - Interlude,Dreamville,0.8,0.826,1,-3.198,0.107,0.0706,4.76e-06,0.181,0.241,148.021,1
Sleep Deprived (with Lute & Omen feat. Mez & DaVionne),Dreamville,0.636,0.8,11,-4.265,0.347,0.337,0,0.39,0.704,88.657,1
Self Love (with Ari Lennox & Bas feat. Baby Rose),Dreamville,0.761,0.697,5,-6.164,0.0568,0.186,0,0.126,0.197,106.051,1
"Ladies, Ladies, Ladies (with JID feat. T.I.)",Dreamville,0.631,0.687,11,-6.177,0.258,0.753,0,0.309,0.534,80.706,1
"Costa Rica (with Bas & JID feat. Guapdad 4000, Reese LAFLARE, Jace, Mez, Smokepurpp, Buddy & Ski Mask The Slump God)",Dreamville,0.642,0.647,7,-6.312,0.428,0.517,0,0.0649,0.664,120.749,1
"1993 (with J. Cole, JID, Cozz & EARTHGANG feat. Smino & Buddy)",Dreamville,0.525,0.725,7,-5.318,0.629,0.529,0,0.598,0.693,175.63,1
Rembrandt...Run It Back (with JID & J. Cole feat. Vince Staples),Dreamville,0.631,0.568,7,-5.946,0.456,0.442,0.00444,0.111,0.263,140.212,1
Sunset (with J. Cole feat. Young Nudy),Dreamville,0.924,0.385,1,-7.049,0.185,0.187,0,0.132,0.39,129.976,1
Got Me (with Ari Lennox & Omen feat. Ty Dolla $ign & Dreezy),Dreamville,0.664,0.61,7,-6.432,0.339,0.145,0,0.097,0.472,76.024,1
MIDDLE CHILD,Dreamville,0.84,0.484,8,-6.899,0.241,0.192,0,0.282,0.512,126.023,1
"PTSD (with Omen feat. Mereba, Deante' Hitchcock & St. Beauty)",Dreamville,0.68,0.883,1,-5.387,0.395,0.187,0,0.116,0.59,96.173,1
Sacrifices (with EARTHGANG & J. Cole feat. Smino & Saba),Dreamville,0.825,0.672,0,-7.108,0.418,0.0858,0,0.123,0.246,147.01,1
The Ringer,Eminem,0.939,0.551,1,-9.126,0.291,0.0311,0,0.192,0.42,118.552,1
Greatest,Eminem,0.809,0.737,1,-5.186,0.108,0.0441,0,0.341,0.367,80.025,1
Lucky You (feat. Joyner Lucas),Eminem,0.876,0.786,10,-4.884,0.306,0.0627,0,0.127,0.575,153.068,1
Normal,Eminem,0.907,0.64,6,-6.542,0.354,0.261,0,0.0785,0.803,120.995,1
Stepping Stone,Eminem,0.616,0.684,7,-6.032,0.311,0.0305,0,0.376,0.312,179.503,1
Not Alike (feat. Royce Da 5'9),Eminem,0.904,0.756,10,-3.746,0.32,0.0692,0,0.339,0.342,140.005,1
Kamikaze,Eminem,0.78,0.808,2,-5.175,0.484,0.112,0,0.329,0.642,79.982,1
Fall,Eminem,0.83,0.546,1,-5.716,0.295,0.227,0,0.112,0.535,182.973,1
Nice Guy (with Jessie Reyez),Eminem,0.65,0.639,8,-5.962,0.458,0.0942,0,0.135,0.563,139.226,1
Good Guy (feat. Jessie Reyez),Eminem,0.696,0.634,9,-6.918,0.281,0.244,0,0.437,0.728,89.973,1
Venom - Music From The Motion Picture,Eminem,0.749,0.794,0,-5.063,0.064,0.0193,0,0.543,0.46,135.959,1
Don't Cry (feat. XXXTENTACION),Lil Wayne,0.585,0.709,8,-6.072,0.319,0.409,0,0.183,0.21,111.913,1
Dedicate,Lil Wayne,0.879,0.662,2,-6.162,0.309,0.033,0,0.716,0.723,117.975,1
Uproar,Lil Wayne,0.743,0.87,1,-2.188,0.212,0.0595,0,0.299,0.884,99.075,1
Let It Fly (feat. Travis Scott),Lil Wayne,0.902,0.819,1,-3.321,0.317,0.0414,0,0.106,0.746,89.0,1
Can't Be Broken,Lil Wayne,0.578,0.577,2,-5.997,0.202,0.121,0,0.086,0.154,99.288,1
Mona Lisa (feat. Kendrick Lamar),Lil Wayne,0.855,0.694,2,-4.393,0.169,0.371,0,0.109,0.49,122.078,1
Open Letter,Lil Wayne,0.769,0.55,9,-6.299,0.359,0.0283,0,0.139,0.36,97.01,1
Famous (feat. Reginae Carter),Lil Wayne,0.624,0.568,9,-5.664,0.143,0.0301,0,0.25,0.115,149.857,1
Problems,Lil Wayne,0.807,0.571,2,-6.937,0.312,0.0169,0,0.252,0.0993,139.996,1
Dope Niggaz (feat. Snoop Dogg),Lil Wayne,0.752,0.708,9,-5.053,0.28,0.0395,0,0.0601,0.645,84.974,1
Hittas,Lil Wayne,0.788,0.765,2,-3.93,0.439,0.276,0,0.216,0.667,144.046,1
Open Safe,Lil Wayne,0.929,0.598,1,-5.373,0.156,0.00705,0,0.0549,0.501,96.012,1
Start This Shit Off Right (feat. Ashanti & Mack Maine),Lil Wayne,0.865,0.568,0,-5.112,0.241,0.0206,0,0.186,0.881,90.985,1
Dope New Gospel (feat. Nivea),Lil Wayne,0.651,0.719,0,-3.924,0.301,0.227,0,0.109,0.402,116.77,1
Used 2,Lil Wayne,0.678,0.666,5,-6.949,0.487,0.337,0,0.115,0.523,87.634,1
Let It All Work Out,Lil Wayne,0.552,0.562,11,-6.862,0.164,0.0216,0,0.302,0.439,135.014,1
January 28th,J. Cole,0.483,0.546,5,-8.59,0.349,0.259,0,0.0951,0.372,81.967,1
Wet Dreamz,J. Cole,0.504,0.705,6,-8.205,0.364,0.0752,0,0.128,0.584,175.483,1
03' Adolescence,J. Cole,0.518,0.809,1,-6.362,0.566,0.389,0,0.275,0.261,146.216,1
A Tale of 2 Citiez,J. Cole,0.559,0.556,6,-7.844,0.531,0.553,0,0.251,0.362,189.861,1
G.O.M.D.,J. Cole,0.889,0.393,4,-10.821,0.267,0.331,8.67e-06,0.283,0.304,128.065,1
No Role Modelz,J. Cole,0.696,0.521,10,-8.465,0.332,0.302,0,0.0565,0.458,100.0,1
Apparently,J. Cole,0.801,0.543,5,-9.236,0.091,0.564,0,0.116,0.534,133.982,1
Love Yourz,J. Cole,0.502,0.623,8,-8.812,0.441,0.609,0,0.119,0.399,75.555,1
Note to Self,J. Cole,0.652,0.455,8,-8.673,0.115,0.855,0,0.171,0.325,83.151,1
Legend,Drake,0.715,0.561,1,-7.605,0.0721,0.024,0,0.0769,0.297,100.076,1
Energy,Drake,0.743,0.571,11,-8.038,0.505,0.329,0,0.522,0.571,172.056,1
10 Bands,Drake,0.835,0.756,7,-3.789,0.382,0.23,0,0.0801,0.87,173.0,1
Know Yourself,Drake,0.735,0.41,11,-8.735,0.2,0.19,0,0.341,0.164,114.812,1
No Tellin',Drake,0.827,0.477,7,-10.408,0.275,0.535,0,0.136,0.558,95.03,1
Madonna,Drake,0.891,0.515,2,-8.717,0.0545,0.0151,2.11e-05,0.414,0.116,110.043,1
6 God,Drake,0.857,0.639,2,-8.622,0.128,0.0239,0,0.121,0.477,105.504,1
Star67,Drake,0.478,0.395,3,-7.917,0.213,0.747,4.73e-06,0.264,0.17,74.515,1
Preach,Drake,0.563,0.501,11,-8.041,0.426,0.208,7.89e-05,0.104,0.398,130.288,1
Used To,Drake,0.925,0.429,10,-7.663,0.122,0.0795,0.000256,0.0815,0.319,96.002,1
Now & Forever,Drake,0.575,0.515,6,-7.325,0.0324,0.132,0,0.102,0.0946,107.945,1
Company,Drake,0.654,0.555,7,-8.24,0.052,0.0347,0,0.17,0.11,107.535,1
You & The 6,Drake,0.559,0.493,7,-7.467,0.296,0.153,0,0.132,0.214,154.182,1
Jungle,Drake,0.508,0.234,7,-8.724,0.109,0.614,0.000163,0.111,0.392,195.092,1
6PM In New York,Drake,0.602,0.849,5,-4.141,0.299,0.105,0,0.155,0.319,89.716,1
Tuscan Leather,Drake,0.597,0.679,6,-5.401,0.39,0.115,0,0.231,0.3,79.95,1
Furthest Thing,Drake,0.484,0.78,9,-5.264,0.135,0.147,0,0.057,0.271,137.101,1
Started From the Bottom,Drake,0.794,0.522,8,-7.829,0.159,0.0328,0,0.156,0.567,86.318,1
Wu-Tang Forever,Drake,0.832,0.427,8,-8.516,0.257,0.0474,0,0.101,0.369,99.935,1
Own It,Drake,0.654,0.342,8,-11.305,0.101,0.0487,3.37e-05,0.313,0.294,103.064,1
Worst Behavior,Drake,0.779,0.799,9,-6.359,0.15,0.158,0,0.209,0.414,109.944,1
From Time,Drake,0.738,0.491,1,-9.726,0.413,0.626,0,0.126,0.448,94.378,1
The Language,Drake,0.831,0.651,1,-8.363,0.437,0.0125,0,0.0809,0.502,120.064,1
305 To My City,Drake,0.419,0.494,4,-8.782,0.345,0.0567,0,0.144,0.134,67.622,1
Too Much,Drake,0.637,0.569,6,-5.858,0.55,0.173,0,0.18,0.148,140.269,1
Pound Cake / Paris Morton Music 2,Drake,0.521,0.762,2,-6.75,0.534,0.139,1.11e-05,0.114,0.264,164.289,1
Come Thru,Drake,0.558,0.468,3,-5.812,0.173,0.159,0,0.586,0.405,81.977,1
All Me,Drake,0.67,0.515,1,-6.977,0.397,0.0705,0,0.25,0.422,122.006,1
Overtime,Big Sean,0.468,0.837,1,-5.654,0.381,0.187,0,0.687,0.605,95.47,1
Gold Roses (feat. Drake),Rick Ross,0.581,0.642,1,-5.318,0.407,0.0519,0,0.183,0.536,80.142,1
Undefeated (feat. Lil Keed),Future,0.855,0.561,2,-5.105,0.277,0.00135,0,0.187,0.408,157.016,1
"Baguettes in the Face (feat. NAV, Playboi Carti & A Boogie Wit da Hoodie)",Mustard,0.883,0.525,2,-8.054,0.0633,0.189,0,0.0971,0.312,99.978,1
Baby,Quality Control,0.97,0.463,10,-7.259,0.366,0.0957,0,0.151,0.46,108.003,1
Panini,Lil Nas X,0.703,0.594,5,-6.146,0.0752,0.342,0,0.123,0.475,153.848,1
Money In The Grave (Drake ft. Rick Ross),Drake,0.831,0.502,10,-4.045,0.046,0.101,0,0.122,0.101,100.541,1
Ransom,Lil Tecca,0.745,0.642,7,-6.257,0.287,0.0204,0,0.0658,0.226,179.974,1
The London (feat. J. Cole & Travis Scott),Young Thug,0.796,0.586,4,-6.946,0.147,0.0247,0,0.132,0.179,97.981,1
Tap (feat. Meek Mill),NAV,0.901,0.676,2,-7.033,0.251,0.0646,0,0.0863,0.452,85.018,1
Mac 10,Trippie Redd,0.79,0.629,9,-7.172,0.138,0.179,0,0.356,0.833,124.063,1
Shotta Flow (Feat. Blueface) [Remix],NLE Choppa,0.894,0.511,2,-4.768,0.42,0.0251,0,0.14,0.568,120.08,1
Suge,DaBaby,0.876,0.662,2,-6.482,0.426,0.0608,0,0.127,0.844,75.445,1
Broke As Fuck,YBN Cordae,0.616,0.669,1,-5.791,0.32,0.0298,0,0.127,0.275,154.056,1
100 Shooters (feat. Meek Mill & Doe Boy),Future,0.645,0.675,1,-5.282,0.202,0.0104,0,0.273,0.171,120.672,1
Forever,Tory Lanez,0.805,0.776,1,-6.006,0.139,0.000159,0,0.0502,0.172,146.997,1
Out The Mud,Lil Baby,0.746,0.497,1,-5.785,0.149,0.00944,8.6e-05,0.101,0.25,160.051,1
FIND HIM!,Comethazine,0.769,0.523,7,-9.762,0.273,0.089,0,0.16,0.449,139.785,1
Pop Out (feat. Lil Tjay),Polo G,0.861,0.621,1,-7.106,0.362,0.121,0,0.0689,0.254,83.976,1
Water on Water on Water,Young Dolph,0.919,0.56,8,-5.221,0.3,0.0119,0,0.0963,0.382,141.004,1
Feeling,Juice WRLD,0.712,0.515,10,-6.004,0.0857,0.234,0,0.205,0.563,160.0,1
GRoCERIES,Chance the Rapper,0.906,0.596,0,-5.88,0.243,0.0578,0,0.109,0.701,144.038,1
Rodeo,Lil Nas X,0.706,0.679,9,-5.614,0.0324,0.139,6.98e-05,0.465,0.657,140.081,1
"Royalty (feat. Ky-Mani Marley, Stefflon Don & Vybz Kartel)",XXXTENTACION,0.919,0.538,1,-6.15,0.241,0.0243,0.0415,0.0956,0.597,124.952,1
Clout (feat. Cardi B),Offset,0.919,0.622,1,-7.384,0.0997,0.228,4.24e-06,0.122,0.424,140.022,1
Cash Shit (feat. DaBaby),Megan Thee Stallion,0.921,0.635,1,-4.904,0.416,0.0218,0,0.0946,0.549,130.028,1
Baby Sitter (feat. Offset),DaBaby,0.852,0.73,1,-5.803,0.0579,0.0219,0,0.336,0.394,92.506,1
Sanguine Paradise,Lil Uzi Vert,0.729,0.603,6,-6.736,0.0666,0.0948,0,0.113,0.207,134.972,1
No Cap (feat. Rich The Kid),83 Babies,0.815,0.454,8,-8.916,0.333,0.413,0,0.105,0.712,139.929,1
That's A Rack,Lil Uzi Vert,0.852,0.432,1,-8.04,0.501,0.0599,0,0.146,0.258,140.042,1
Daddy (feat. Rich The Kid),Blueface,0.864,0.598,11,-8.076,0.238,0.0673,0,0.154,0.464,107.93,1
MEGATRON,Nicki Minaj,0.893,0.641,1,-3.051,0.272,0.128,8.06e-05,0.086,0.771,94.017,1
Wam,A$AP Ferg,0.837,0.626,1,-4.697,0.212,0.0675,0,0.257,0.114,95.987,1
Broke Leg (with Quavo & Tyga),Tory Lanez,0.851,0.85,1,-3.4,0.0904,0.226,0,0.145,0.642,99.975,1
Bussdown (feat. Offset),Blueface,0.905,0.659,1,-4.785,0.433,0.0583,0,0.0775,0.87,121.103,1
My Type,Saweetie,0.899,0.811,2,-6.294,0.258,0.000677,0,0.0672,0.587,105.038,1
ICE (feat. Gunna & Lil Baby),Gucci Mane,0.861,0.52,10,-5.498,0.472,0.193,0,0.109,0.384,153.899,1
Young Grizzley World (feat. A Boogie Wit Da Hoodie & YNW Melly),Tee Grizzley,0.779,0.705,8,-6.383,0.051,0.237,0,0.0899,0.451,122.996,1
Under Enemy Arms,Trippie Redd,0.751,0.776,9,-5.266,0.0357,0.223,0,0.0507,0.603,129.987,1
Uno,Ambjaay,0.978,0.477,8,-8.159,0.155,0.000143,0,0.133,0.196,110.002,1
Bitchuary,Shordie Shordie,0.762,0.383,5,-10.098,0.202,0.349,0,0.127,0.44,92.947,1
On GOD (with YG & Tyga feat. A$AP Ferg & A$AP Rocky),Mustard,0.857,0.676,1,-5.359,0.192,0.218,0,0.0592,0.339,103.998,1
Press,Cardi B,0.888,0.525,1,-5.665,0.305,0.029,5.68e-06,0.137,0.243,133.983,1
BLOOD.,Kendrick Lamar,0.357,0.238,8,-16.78,0.265,0.142,0.0859,0.55,0.494,156.907,1
DNA.,Kendrick Lamar,0.638,0.523,1,-6.664,0.357,0.00454,0,0.0842,0.422,139.913,1
ELEMENT.,Kendrick Lamar,0.748,0.705,4,-4.547,0.485,0.204,0,0.246,0.483,189.891,1
FEEL.,Kendrick Lamar,0.746,0.798,0,-8.382,0.349,0.137,0,0.139,0.553,109.968,1
LOYALTY. FEAT. RIHANNA.,Kendrick Lamar,0.658,0.535,9,-8.983,0.0573,0.0265,0,0.2,0.419,110.684,1
PRIDE.,Kendrick Lamar,0.665,0.535,4,-7.056,0.0572,0.0786,1.68e-05,0.154,0.37,138.842,1
HUMBLE.,Kendrick Lamar,0.908,0.621,1,-6.638,0.102,0.000282,5.39e-05,0.0958,0.421,150.011,1
LUST.,Kendrick Lamar,0.678,0.562,3,-9.197,0.508,0.193,0,0.104,0.566,94.241,1
LOVE. FEAT. ZACARI.,Kendrick Lamar,0.8,0.585,10,-7.343,0.0924,0.264,0,0.153,0.779,126.058,1
XXX. FEAT. U2.,Kendrick Lamar,0.568,0.619,1,-6.899,0.414,0.138,1.67e-06,0.11,0.293,170.115,1
FEAR.,Kendrick Lamar,0.588,0.479,1,-7.039,0.281,0.604,7.2e-06,0.527,0.434,150.414,1
GOD.,Kendrick Lamar,0.706,0.557,0,-5.8,0.0813,0.0347,0,0.276,0.205,132.98,1
DUCKWORTH.,Kendrick Lamar,0.552,0.731,7,-6.873,0.615,0.0536,0,0.258,0.632,174.516,1
For Free? - Interlude,Kendrick Lamar,0.526,0.896,8,-4.708,0.197,0.588,0,0.37,0.745,129.313,1
King Kunta,Kendrick Lamar,0.884,0.657,6,-4.569,0.0977,0.00589,0,0.154,0.489,107.059,1
Institutionalized,Kendrick Lamar,0.539,0.731,3,-5.085,0.453,0.112,1.19e-06,0.129,0.568,81.114,1
Alright,Kendrick Lamar,0.796,0.766,7,-5.974,0.238,0.0742,0,0.0827,0.558,110.034,1
Momma,Kendrick Lamar,0.615,0.743,1,-4.58,0.325,0.254,0,0.665,0.515,111.914,1
Hood Politics,Kendrick Lamar,0.731,0.661,6,-6.562,0.376,0.145,0,0.12,0.369,87.912,1
How Much A Dollar Cost,Kendrick Lamar,0.624,0.729,1,-4.747,0.198,0.415,0,0.135,0.334,87.948,1
Complexion (A Zulu Love),Kendrick Lamar,0.665,0.558,2,-7.863,0.303,0.566,4.57e-06,0.219,0.37,89.953,1
The Blacker The Berry,Kendrick Lamar,0.553,0.852,10,-4.08,0.305,0.00713,0,0.463,0.27,176.058,1
You Ain't Gotta Lie (Momma Said),Kendrick Lamar,0.443,0.635,11,-5.404,0.223,0.455,2.07e-05,0.285,0.672,93.742,1
i,Kendrick Lamar,0.541,0.809,8,-4.286,0.324,0.708,0,0.72,0.753,120.094,1
Sherane a.k.a Master Splinter’s Daughter,Kendrick Lamar,0.503,0.508,10,-11.094,0.52,0.486,0.0102,0.124,0.317,81.908,1
"Bitch, Don’t Kill My Vibe",Kendrick Lamar,0.587,0.698,1,-8.948,0.0943,0.0152,0,0.442,0.0985,133.954,1
The Art of Peer Pressure,Kendrick Lamar,0.555,0.611,10,-9.216,0.356,0.286,0.00106,0.273,0.411,94.939,1
good kid,Kendrick Lamar,0.451,0.831,5,-8.641,0.307,0.0623,0,0.185,0.41,176.162,1
Real,Kendrick Lamar,0.652,0.458,1,-12.272,0.194,0.0282,0,0.664,0.174,100.046,1
The Recipe - Bonus Track,Kendrick Lamar,0.759,0.782,11,-6.975,0.0741,0.000589,0,0.35,0.507,131.04,1
Black Boy Fly - Bonus Track,Kendrick Lamar,0.593,0.731,1,-5.21,0.149,0.108,1.52e-06,0.103,0.61,160.084,1
Now Or Never - Bonus Track,Kendrick Lamar,0.528,0.708,7,-5.879,0.207,0.264,0,0.308,0.781,97.8,1
The Recipe (Black Hippy Remix) - Bonus Track,Kendrick Lamar,0.723,0.758,1,-7.303,0.148,0.000588,0,0.357,0.628,131.051,1
Backseat Freestyle,Kendrick Lamar,0.546,0.651,1,-7.601,0.3,0.000739,0,0.235,0.646,77.878,1
Money Trees,Kendrick Lamar,0.716,0.531,7,-7.355,0.122,0.0703,0,0.224,0.344,71.994,1
Poetic Justice,Kendrick Lamar,0.779,0.572,6,-9.985,0.378,0.157,0,0.246,0.647,135.956,1
m.A.A.d city,Kendrick Lamar,0.487,0.729,2,-6.815,0.271,0.0538,4.07e-06,0.44,0.217,91.048,1
Swimming Pools (Drank) - Extended Version,Kendrick Lamar,0.716,0.485,1,-7.745,0.404,0.123,2.69e-05,0.604,0.26,74.132,1
"Sing About Me, I'm Dying Of Thirst",Kendrick Lamar,0.654,0.753,11,-7.556,0.395,0.303,8.08e-05,0.13,0.371,110.722,1
Real,Kendrick Lamar,0.652,0.458,1,-12.272,0.194,0.0282,0,0.664,0.174,100.046,1
Compton,Kendrick Lamar,0.342,0.907,1,-4.432,0.415,0.0815,0,0.383,0.225,170.38,1
"Bitch, Don’t Kill My Vibe - Remix",Kendrick Lamar,0.625,0.773,1,-5.822,0.235,0.0479,0,0.201,0.134,133.798,1
F*ck Your Ethnicity,Kendrick Lamar,0.601,0.883,0,-6.944,0.328,0.392,1.93e-05,0.397,0.52,150.967,1
Hol' Up,Kendrick Lamar,0.607,0.869,5,-5.271,0.345,0.781,0,0.137,0.577,155.983,1
A.D.H.D,Kendrick Lamar,0.609,0.799,9,-6.883,0.24,0.33,0,0.108,0.582,157.74,1
No Make-Up (Her Vice),Kendrick Lamar,0.535,0.696,5,-7.181,0.0901,0.541,0.00521,0.63,0.213,91.002,1
Tammy's Song (Her Evils),Kendrick Lamar,0.477,0.835,9,-5.942,0.438,0.924,0.000508,0.129,0.52,97.317,1
The Spiteful Chant,Kendrick Lamar,0.596,0.783,0,-4.356,0.0313,0.0506,0,0.181,0.334,127.018,1
Keisha's Song (Her Pain),Kendrick Lamar,0.465,0.854,7,-7.564,0.377,0.429,0,0.618,0.199,85.126,1
Rigamortus,Kendrick Lamar,0.52,0.807,2,-6.281,0.409,0.24,0.00257,0.199,0.628,178.012,1
Kush & Corinthians,Kendrick Lamar,0.383,0.731,1,-5.996,0.201,0.726,0,0.504,0.306,176.781,1
Blow My High (Members Only),Kendrick Lamar,0.959,0.524,9,-8.145,0.274,0.316,0,0.274,0.84,119.933,1
Ab-Souls Outro,Kendrick Lamar,0.471,0.839,5,-6.852,0.379,0.116,0,0.658,0.639,115.79,1
HiiiPower,Kendrick Lamar,0.695,0.827,6,-5.742,0.282,0.179,0,0.283,0.538,81.024,1
Bank Account,21 Savage,0.884,0.346,8,-8.228,0.351,0.0151,7.04e-06,0.0871,0.376,75.016,1
Numb,21 Savage,0.839,0.437,5,-11.344,0.285,0.0438,2.75e-06,0.131,0.464,82.008,1
Bad Business,21 Savage,0.856,0.54,6,-9.729,0.373,0.000985,1.55e-05,0.0854,0.387,158.05,1
Whole Lot,21 Savage,0.916,0.537,6,-9.79,0.245,0.188,0.00286,0.115,0.223,123.02,1
Close My Eyes,21 Savage,0.921,0.472,10,-7.88,0.43,0.164,0.432,0.156,0.198,139.996,1
Special,21 Savage,0.891,0.321,1,-12.813,0.426,0.147,1.89e-05,0.117,0.331,136.005,1
Baby Girl,21 Savage,0.852,0.459,9,-9.658,0.391,0.00781,0.119,0.133,0.157,163.021,1
Thug Life,21 Savage,0.8,0.467,0,-9.974,0.45,0.159,0,0.653,0.307,132.054,1
Famous,21 Savage,0.779,0.597,9,-9.652,0.434,0.723,4.47e-05,0.0508,0.646,173.986,1
Dead People,21 Savage,0.835,0.521,5,-11.666,0.343,0.297,0.000458,0.115,0.211,158.923,1
7 Min Freestyle,21 Savage,0.844,0.454,1,-9.028,0.259,0.0723,0.787,0.126,0.274,155.029,1
Money Convo,21 Savage,0.821,0.276,1,-10.556,0.123,0.0392,0.0233,0.11,0.0569,144.896,1
Nothin New,21 Savage,0.743,0.467,0,-10.354,0.401,0.145,1.15e-06,0.0891,0.19,150.004,1
Cold Wind Blows,Eminem,0.619,0.972,11,-0.517,0.416,0.13,0,0.782,0.584,169.04,1
On Fire,Eminem,0.724,0.909,8,-4.349,0.287,0.101,0,0.415,0.558,91.904,1
Won't Back Down,Eminem,0.478,0.951,2,-2.347,0.19,0.0133,2.21e-06,0.0533,0.338,179.978,1
W.T.P.,Eminem,0.77,0.937,9,-2.327,0.247,0.0319,0,0.348,0.685,95.011,1
Going Through Changes,Eminem,0.693,0.899,0,-4.084,0.259,0.0197,0,0.0594,0.319,86.048,1
Not Afraid,Eminem,0.855,0.954,0,-1.19,0.264,0.529,0,0.205,0.668,114.635,1
Seduction,Eminem,0.628,0.847,6,-4.386,0.387,0.124,0,0.652,0.504,78.031,1
No Love,Eminem,0.522,0.932,11,-2.87,0.255,0.119,0,0.177,0.33,129.473,1
Space Bound,Eminem,0.668,0.886,0,-3.474,0.117,0.0417,0,0.459,0.503,142.002,1
Cinderella Man,Eminem,0.679,0.908,8,-3.411,0.202,0.234,0,0.0821,0.687,85.918,1
25 To Life,Eminem,0.701,0.931,8,-0.945,0.243,0.239,0,0.194,0.362,79.996,1
Almost Famous,Eminem,0.537,0.961,0,-1.498,0.295,0.0253,0,0.332,0.487,82.44,1
Love The Way You Lie,Eminem,0.749,0.925,10,-5.034,0.227,0.241,0,0.52,0.641,86.989,1
You’re Never Over,Eminem,0.691,0.96,4,-1.616,0.198,0.0193,0,0.0626,0.645,157.02,1
Untitled,Eminem,0.857,0.841,11,-2.839,0.103,0.34,0,0.161,0.74,112.023,1
My Mom,Eminem,0.586,0.882,5,-1.474,0.362,0.278,0,0.168,0.76,180.252,1
Insane,Eminem,0.91,0.881,9,-0.874,0.149,0.249,0,0.337,0.688,98.078,1
Bagpipes From Baghdad,Eminem,0.747,0.903,5,-2.452,0.219,0.0965,0,0.0944,0.429,93.061,1
Hello,Eminem,0.852,0.928,10,-5.811,0.193,0.166,0,0.57,0.736,96.01,1
Same Song & Dance,Eminem,0.815,0.713,10,-4.604,0.249,0.145,0,0.46,0.22,101.973,1
We Made You,Eminem,0.919,0.844,2,-1.157,0.0819,0.102,0,0.139,0.673,114.015,1
Stay Wide Awake,Eminem,0.784,0.845,10,-3.316,0.297,0.231,0,0.238,0.649,75.062,1
Old Time's Sake,Eminem,0.761,0.826,1,-1.973,0.3,0.0575,0,0.352,0.8,176.039,1
Must Be The Ganja,Eminem,0.766,0.817,1,-0.014,0.293,0.327,0,0.358,0.79,83.049,1
Deja Vu,Eminem,0.67,0.87,4,-1.904,0.205,0.203,0,0.266,0.584,83.865,1
Beautiful,Eminem,0.732,0.678,5,-4.44,0.0865,0.237,0,0.0766,0.497,132.05,1
Crack A Bottle,Eminem,0.519,0.88,9,-2.542,0.271,0.082,0,0.111,0.409,168.928,1
Underground,Eminem,0.815,0.796,8,-3.458,0.355,0.131,0,0.564,0.522,115.086,1
Bougie (feat. Meek Mill),Lil Durk,0.646,0.848,1,-4.194,0.357,0.0058,0,0.0952,0.408,179.892,1
Barry Bonds,Kanye West,0.48,0.624,1,-6.131,0.382,0.0451,0,0.337,0.704,165.057,1
Runaway,Kanye West,0.571,0.568,1,-3.827,0.0703,0.218,0.0021,0.512,0.109,86.986,1
Monster,Kanye West,0.628,0.692,2,-5.64,0.202,0.00244,0.013,0.668,0.0964,124.791,1
New Slaves,Kanye West,0.5,0.593,1,-4.34,0.0898,0.141,6.21e-06,0.0969,0.329,68.456,1
30 Hours,Kanye West,0.822,0.813,7,-6.736,0.291,0.032,0,0.107,0.357,95.122,1
Freestyle 4,Kanye West,0.472,0.562,9,-8.295,0.0965,0.0476,0,0.0901,0.508,125.524,1
Feel The Love,KIDS SEE GHOSTS,0.58,0.469,0,-5.946,0.104,0.126,7.32e-05,0.099,0.369,110.573,1
N,Jaden,0.402,0.483,1,-9.139,0.345,0.329,0,0.14,0.315,173.994,1
Chateau,Jaden,0.759,0.812,8,-4.257,0.251,0.251,0,0.348,0.229,139.911,1
On My Own,Jaden,0.344,0.843,1,-3.711,0.0422,0.0214,0.00345,0.189,0.219,97.5,1
Got It,Jaden,0.802,0.673,10,-5.108,0.248,0.101,7.33e-06,0.109,0.659,150.915,1
Pain,Jaden,0.397,0.586,0,-7.242,0.104,0.272,9.06e-05,0.18,0.33,151.31,1
Ni**as In Paris,Various Artists,0.757,0.882,1,-6.125,0.248,0.0763,0,0.251,0.684,140.047,1
Dirt off Your Shoulder / Lying from You,JAY Z,0.557,0.905,11,-4.506,0.267,0.0104,0,0.111,0.799,160.013,1
Big Pimpin' / Papercut,JAY Z,0.765,0.938,4,-2.718,0.0481,0.196,0.000687,0.485,0.965,138.312,1
"F**kin' Problems (feat. Drake, 2 Chainz & Kendrick Lamar)",A$AP Rocky,0.852,0.693,1,-6.87,0.274,0.024,0,0.11,0.66,95.967,1
Praise The Lord (Da Shine) (feat. Skepta),A$AP Rocky,0.85,0.569,5,-8.152,0.136,0.0609,0.0816,0.1,0.294,80.02,1
Walk (Remix),Comethazine,0.813,0.586,2,-10.478,0.379,0.0547,0,0.238,0.798,160.043,1
Gunz N Butter,A$AP Rocky,0.852,0.632,11,-8.08,0.431,0.606,0,0.142,0.716,140.489,1
Hopeless Romantic (feat. Swae Lee),Wiz Khalifa,0.877,0.477,9,-7.379,0.0587,0.307,0,0.0929,0.552,127.023,1
Black and Yellow,Wiz Khalifa,0.684,0.834,2,-4.524,0.0675,0.0646,0,0.271,0.538,164.02,1
Fr Fr (feat. Lil Skies),Wiz Khalifa,0.916,0.493,1,-7.371,0.162,0.12,2.63e-06,0.211,0.327,140.057,1
Beautiful People (feat. Khalid),Ed Sheeran,0.64,0.648,5,-8.113,0.187,0.124,0,0.0802,0.548,92.977,0
South of the Border (feat. Camila Cabello & Cardi B),Ed Sheeran,0.857,0.621,9,-6.376,0.0824,0.148,0,0.0865,0.668,97.986,0
Cross Me (feat. Chance the Rapper & PnB Rock),Ed Sheeran,0.746,0.787,4,-6.373,0.12,0.214,0,0.0669,0.607,95.005,0
Take Me Back to London (feat. Stormzy),Ed Sheeran,0.885,0.762,8,-5.513,0.216,0.219,0,0.162,0.605,138.059,0
Best Part of Me (feat. YEBBA),Ed Sheeran,0.565,0.242,2,-8.367,0.0318,0.762,9.3e-06,0.285,0.237,81.657,0
I Don't Care (with Justin Bieber),Ed Sheeran,0.798,0.675,6,-5.041,0.0442,0.0912,0,0.0894,0.842,101.956,0
Antisocial (with Travis Scott),Ed Sheeran,0.715,0.823,5,-5.313,0.0495,0.133,0,0.361,0.91,151.956,0
Feels (feat. Young Thug & J Hus),Ed Sheeran,0.665,0.68,2,-4.899,0.29,0.112,0,0.096,0.69,91.67,0
Put It All on Me (feat. Ella Mai),Ed Sheeran,0.627,0.594,7,-8.306,0.0478,0.253,0,0.373,0.389,101.008,0
Nothing On You (feat. Paulo Londra & Dave),Ed Sheeran,0.747,0.649,10,-6.218,0.219,0.333,0,0.172,0.84,88.011,0
I Don't Want Your Money (feat. H.E.R.),Ed Sheeran,0.469,0.631,8,-6.569,0.0853,0.314,0,0.14,0.763,91.418,0
Way To Break My Heart (feat. Skrillex),Ed Sheeran,0.726,0.731,1,-6.304,0.159,0.11,3.21e-06,0.0928,0.43,170.125,0
BLOW (with Chris Stapleton & Bruno Mars),Ed Sheeran,0.631,0.796,1,-5.35,0.0401,0.000245,0.0115,0.38,0.596,92.469,0
In My Blood,Shawn Mendes,0.622,0.712,5,-7.321,0.066,0.0573,0,0.13,0.487,140.025,0
Fallin' All In You,Shawn Mendes,0.853,0.476,8,-6.696,0.0361,0.405,0,0.111,0.796,92.038,0
Where Were You In The Morning?,Shawn Mendes,0.716,0.519,7,-7.472,0.0554,0.554,0,0.0993,0.466,87.963,0
Nervous,Shawn Mendes,0.841,0.623,0,-6.76,0.0776,0.0404,0,0.126,0.744,121.983,0
Like To Be You (feat. Julia Michaels),Shawn Mendes,0.737,0.451,2,-9.405,0.229,0.812,0,0.108,0.664,153.766,0
Lost In Japan,Shawn Mendes,0.713,0.738,10,-6.784,0.374,0.255,0,0.106,0.425,105.027,0
Particular Taste,Shawn Mendes,0.968,0.352,9,-7.122,0.121,0.0365,0.000103,0.0677,0.599,111.968,0
Because I Had You,Shawn Mendes,0.559,0.337,7,-9.751,0.404,0.331,0,0.311,0.705,203.231,0
Why,Shawn Mendes,0.689,0.416,0,-9.247,0.0494,0.648,1.64e-06,0.0637,0.248,127.031,0
Youth (feat. Khalid),Shawn Mendes,0.534,0.596,6,-6.653,0.117,0.56,0,0.133,0.324,100.121,0
Queen,Shawn Mendes,0.878,0.688,1,-7.254,0.11,0.197,0,0.0872,0.917,131.02,0
Perfectly Wrong,Shawn Mendes,0.361,0.311,2,-11.748,0.0369,0.872,0,0.0987,0.323,89.362,0
Mutual,Shawn Mendes,0.919,0.478,11,-6.697,0.156,0.254,0,0.134,0.799,115.03,0
When You're Ready,Shawn Mendes,0.485,0.476,5,-8.887,0.128,0.792,0,0.113,0.601,171.479,0
Intro,Khalid,0.213,0.414,0,-9.725,0.0339,0.308,0.0257,0.0912,0.0553,79.556,0
Bad Luck,Khalid,0.432,0.52,1,-5.515,0.0548,0.277,0.371,0.138,0.303,164.047,0
My Bad,Khalid,0.577,0.578,0,-9.146,0.0906,0.547,0.59,0.264,0.367,84.965,0
Better,Khalid,0.692,0.552,0,-9.543,0.0497,0.0503,0.165,0.136,0.15,98.028,0
Talk,Khalid,0.901,0.4,0,-8.575,0.126,0.051,0,0.0599,0.346,135.984,0
Right Back,Khalid,0.789,0.427,5,-9.918,0.308,0.0649,3.62e-05,0.171,0.605,97.032,0
Don't Pretend,Khalid,0.697,0.551,11,-8.833,0.0815,0.258,0.00551,0.124,0.219,89.0,0
Paradise,Khalid,0.581,0.452,11,-9.558,0.15,0.206,0.00329,0.0881,0.523,75.046,0
Hundred,Khalid,0.772,0.483,6,-10.06,0.0564,0.0521,0.000375,0.377,0.479,120.005,0
Outta My Head (with John Mayer),Khalid,0.729,0.545,0,-7.818,0.0316,0.0174,0.000274,0.369,0.514,103.012,0
Free Spirit,Khalid,0.627,0.446,2,-9.477,0.0332,0.308,0.00077,0.111,0.11,139.994,0
Twenty One,Khalid,0.776,0.445,9,-8.574,0.0371,0.212,0.00409,0.124,0.405,109.981,0
Bluffin',Khalid,0.529,0.314,0,-10.323,0.0461,0.354,0.000436,0.102,0.288,129.664,0
Self,Khalid,0.618,0.693,1,-7.889,0.333,0.44,0.759,0.101,0.439,143.98,0
Alive,Khalid,0.386,0.406,11,-10.419,0.0425,0.832,0.0597,0.171,0.205,78.616,0
Heaven,Khalid,0.42,0.479,8,-8.881,0.0374,0.613,0.663,0.0679,0.11,116.989,0
Saturday Nights,Khalid,0.574,0.37,10,-10.803,0.0841,0.634,9.38e-05,0.0986,0.354,83.162,0
Sucker,Jonas Brothers,0.842,0.734,1,-5.065,0.0588,0.0427,0,0.106,0.952,137.958,0
Cool,Jonas Brothers,0.683,0.598,0,-5.487,0.0423,0.00873,0,0.156,0.62,78.969,0
Only Human,Jonas Brothers,0.795,0.496,0,-5.883,0.0722,0.108,0,0.0645,0.874,94.01,0
I Believe,Jonas Brothers,0.749,0.774,9,-6.221,0.12,0.0857,1.14e-05,0.11,0.35,99.019,0
Used To Be,Jonas Brothers,0.71,0.517,1,-6.85,0.0448,0.172,0,0.0786,0.176,145.946,0
Every Single Time,Jonas Brothers,0.756,0.685,11,-5.176,0.0446,0.135,0,0.123,0.91,151.988,0
Don't Throw it Away,Jonas Brothers,0.731,0.858,1,-5.082,0.0981,0.0245,0,0.0852,0.732,102.02,0
Love Her,Jonas Brothers,0.74,0.337,8,-6.039,0.0282,0.178,0,0.0944,0.56,103.002,0
Happy When I'm Sad,Jonas Brothers,0.782,0.793,7,-7.054,0.0399,0.000199,0.000215,0.306,0.906,100.987,0
Trust,Jonas Brothers,0.806,0.559,0,-6.329,0.0588,0.0248,1.63e-05,0.135,0.671,146.041,0
Strangers,Jonas Brothers,0.594,0.842,1,-4.892,0.072,0.0312,0,0.071,0.573,129.986,0
Hesitate,Jonas Brothers,0.622,0.485,2,-7.259,0.0322,0.227,0,0.0889,0.236,118.051,0
Rollercoaster,Jonas Brothers,0.697,0.58,11,-7.986,0.0451,0.0583,0,0.393,0.467,123.977,0
Comeback,Jonas Brothers,0.55,0.553,0,-7.34,0.0403,0.0913,0,0.111,0.185,145.009,0
Heavydirtysoul,Twenty One Pilots,0.613,0.873,7,-6.376,0.0449,0.00397,0.00111,0.367,0.392,129.989,0
Stressed Out,Twenty One Pilots,0.734,0.637,4,-5.677,0.141,0.0462,2.29e-05,0.0602,0.648,169.977,0
Ride,Twenty One Pilots,0.645,0.713,6,-5.355,0.0393,0.00835,0,0.113,0.566,74.989,0
Fairly Local,Twenty One Pilots,0.715,0.723,6,-5.993,0.0569,0.0396,8.57e-05,0.084,0.479,114.985,0
Tear in My Heart,Twenty One Pilots,0.655,0.632,2,-4.802,0.0489,0.0189,0,0.0722,0.447,120.113,0
Lane Boy,Twenty One Pilots,0.616,0.811,7,-4.804,0.0626,0.0573,1.57e-05,0.0566,0.913,159.929,0
The Judge,Twenty One Pilots,0.423,0.797,0,-4.659,0.124,0.177,0,0.137,0.592,82.617,0
Doubt,Twenty One Pilots,0.719,0.645,2,-6.141,0.0358,0.121,0.00316,0.362,0.69,123.02,0
Polarize,Twenty One Pilots,0.597,0.666,6,-6.365,0.0418,0.122,0.00302,0.1,0.626,164.992,0
We Don't Believe What's on TV,Twenty One Pilots,0.547,0.936,9,-4.023,0.102,0.23,3.04e-06,0.172,0.642,120.003,0
Message Man,Twenty One Pilots,0.715,0.838,2,-6.077,0.118,0.0897,0,0.15,0.497,120.007,0
Hometown,Twenty One Pilots,0.683,0.753,2,-5.564,0.0317,0.0577,0.00208,0.357,0.389,120.03,0
Not Today,Twenty One Pilots,0.77,0.706,2,-4.705,0.0302,0.0605,0.00182,0.0985,0.527,115.011,0
Goner,Twenty One Pilots,0.565,0.437,6,-7.68,0.0403,0.194,7.14e-06,0.0656,0.217,96.132,0
Intro (Delirium),Ellie Goulding,0.173,0.177,7,-15.326,0.0409,0.96,0.865,0.0887,0.0399,70.132,0
Aftertaste,Ellie Goulding,0.581,0.855,0,-5.239,0.0461,0.0016,0.000174,0.284,0.702,122.013,0
Something In The Way You Move,Ellie Goulding,0.658,0.814,1,-6.157,0.0493,0.0398,0,0.114,0.316,109.004,0
Keep On Dancin',Ellie Goulding,0.591,0.686,2,-6.608,0.0326,0.00462,1.06e-05,0.185,0.155,100.016,0
On My Mind,Ellie Goulding,0.702,0.705,0,-6.666,0.0543,0.258,5.93e-06,0.0879,0.743,154.911,0
Around U,Ellie Goulding,0.615,0.856,7,-5.972,0.0772,0.0327,4.67e-06,0.155,0.82,165.992,0
Codes,Ellie Goulding,0.512,0.701,5,-7.317,0.126,0.0238,2.52e-05,0.105,0.32,184.043,0
Holding On For Life,Ellie Goulding,0.573,0.737,9,-5.39,0.0439,0.068,0,0.142,0.436,113.9,0
"Love Me Like You Do - From ""Fifty Shades Of Grey""",Ellie Goulding,0.262,0.606,8,-6.646,0.0484,0.247,0,0.125,0.275,189.857,0
Don't Need Nobody,Ellie Goulding,0.715,0.658,4,-6.001,0.0341,0.106,2.41e-06,0.0866,0.563,99.012,0
Don't Panic,Ellie Goulding,0.62,0.82,6,-6.038,0.0377,0.029,3.6e-05,0.132,0.555,101.977,0
We Can't Move To This,Ellie Goulding,0.638,0.759,3,-6.52,0.0466,0.062,0,0.0917,0.699,115.03,0
Army,Ellie Goulding,0.425,0.635,11,-7.384,0.0859,0.0888,6.47e-06,0.141,0.223,173.86,0
Lost And Found,Ellie Goulding,0.56,0.828,9,-6.186,0.0333,0.00181,4.1e-06,0.0966,0.661,137.015,0
Devotion,Ellie Goulding,0.644,0.647,0,-7.287,0.0436,0.386,0,0.0879,0.476,131.014,0
Scream It Out,Ellie Goulding,0.494,0.693,0,-7.376,0.034,0.00984,0.000121,0.0807,0.348,142.014,0
The Greatest,Ellie Goulding,0.659,0.636,6,-6.525,0.0347,0.0288,0,0.0363,0.623,98.973,0
I Do What I Love,Ellie Goulding,0.645,0.798,0,-4.499,0.301,0.26,0,0.247,0.659,172.078,0
Paradise,Ellie Goulding,0.57,0.685,2,-5.606,0.0284,0.0485,0,0.13,0.534,111.909,0
Winner,Ellie Goulding,0.28,0.6,9,-6.277,0.0475,0.0145,0,0.145,0.29,63.974,0
Heal,Ellie Goulding,0.679,0.571,5,-7.855,0.0333,0.18,0,0.181,0.379,119.98,0
Outside,Ellie Goulding,0.645,0.803,2,-4.667,0.0398,0.193,0,0.304,0.449,128.019,0
Powerful,Ellie Goulding,0.396,0.792,11,-3.982,0.142,0.11,0,0.161,0.711,195.184,0
How Do You Sleep?,Sam Smith,0.477,0.682,1,-4.931,0.0925,0.153,0,0.0763,0.345,110.567,0
Goodbyes (Feat. Young Thug),Post Malone,0.58,0.653,5,-3.818,0.0745,0.447,0,0.111,0.175,150.231,0
The Archer,Taylor Swift,0.271,0.582,0,-9.412,0.0483,0.126,0.00262,0.0654,0.176,124.499,0
Señorita,Shawn Mendes,0.759,0.54,9,-6.039,0.0287,0.037,0,0.0945,0.75,116.947,0
bad guy (with Justin Bieber),Billie Eilish,0.67,0.453,0,-11.265,0.295,0.252,0.33,0.117,0.68,135.055,0
One Thing Right - feat. Kane Brown,Marshmello,0.659,0.623,4,-2.253,0.0451,0.0667,0,0.582,0.439,88.042,0
Truth Hurts,Lizzo,0.715,0.624,4,-3.046,0.114,0.11,0,0.123,0.412,158.087,0
On A Roll,Ashley O,0.737,0.81,5,-6.354,0.0896,0.077,0,0.0523,0.387,125.005,0
Panini,Lil Nas X,0.703,0.594,5,-6.146,0.0752,0.342,0,0.123,0.475,153.848,0
Someone You Loved,Lewis Capaldi,0.501,0.405,1,-5.679,0.0319,0.751,0,0.105,0.446,109.891,0
I Think I'm OKAY (with YUNGBLUD & Travis Barker),Machine Gun Kelly,0.629,0.729,7,-4.744,0.0325,0.028,0,0.288,0.304,119.996,0
Lalala,Y2K,0.843,0.391,2,-7.899,0.0845,0.181,0,0.137,0.496,129.972,0
Don't Check On Me (feat. Justin Bieber & Ink),Chris Brown,0.66,0.395,7,-5.242,0.0333,0.873,0,0.112,0.678,81.997,0
MOOD 4 EVA,Beyoncé,0.608,0.709,7,-6.175,0.374,0.119,0,0.337,0.709,105.742,0
Takeaway,The Chainsmokers,0.294,0.505,3,-8.106,0.042,0.12,0,0.0977,0.357,85.332,0
It's You,Ali Gatie,0.732,0.463,11,-6.972,0.0287,0.374,0,0.194,0.397,95.971,0
The Bones,Maren Morris,0.612,0.57,11,-6.642,0.0347,0.279,0,0.0963,0.335,77.004,0
Good as Hell,Lizzo,0.684,0.905,0,-3.187,0.0765,0.285,0,0.525,0.492,95.985,0
Loco Contigo (with J. Balvin & Tyga),DJ Snake,0.814,0.74,1,-3.076,0.0637,0.278,1.45e-06,0.102,0.337,96.069,0
Hate Me (with Juice WRLD),Ellie Goulding,0.657,0.768,8,-4.628,0.0507,0.108,0,0.144,0.759,75.025,0
Post Malone (feat. RANI),Sam Feldt,0.59,0.642,7,-3.87,0.122,0.0771,0,0.105,0.651,107.356,0
Find U Again (feat. Camila Cabello),Mark Ronson,0.605,0.664,8,-7.162,0.0316,0.00548,3e-06,0.204,0.164,103.997,0
BROWN SKIN GIRL,Beyoncé,0.603,0.602,6,-7.083,0.23,0.049,0,0.279,0.595,119.703,0
i love you,Billie Eilish,0.421,0.131,0,-18.435,0.0382,0.952,0.00453,0.109,0.12,137.446,0
I.F.L.Y.,Bazzi,0.812,0.519,2,-4.823,0.0385,0.379,0,0.13,0.554,104.954,0
Dance Monkey,Tones and I,0.824,0.592,6,-6.4,0.0969,0.693,0.000158,0.178,0.54,98.074,0
Call You Mine (with Bebe Rexha),The Chainsmokers,0.591,0.702,7,-5.59,0.0289,0.225,0,0.414,0.501,104.003,0
Never Really Over,Katy Perry,0.77,0.882,8,-4.792,0.0602,0.194,0,0.316,0.385,99.991,0
Better Luck Next Time,Kelsea Ballerini,0.373,0.477,8,-6.391,0.0819,0.226,0,0.0879,0.531,198.522,0
You Need To Calm Down,Taylor Swift,0.767,0.681,2,-5.794,0.0501,0.0107,0,0.0707,0.726,85.003,0
Time - Edit,NF,0.665,0.703,8,-3.885,0.07,0.128,0,0.115,0.257,97.968,0
comethru,Jeremy Zucker,0.794,0.188,0,-11.957,0.0523,0.601,0,0.637,0.64,93.967,0
Money In The Grave (Drake ft. Rick Ross),Drake,0.831,0.502,10,-4.045,0.046,0.101,0,0.122,0.101,100.541,0
Ransom,Lil Tecca,0.745,0.642,7,-6.257,0.287,0.0204,0,0.0658,0.226,179.974,0
gone girl,iann dior,0.677,0.714,11,-5.637,0.0287,0.162,0,0.0717,0.355,94.956,0
Jesus In LA,Alec Benjamin,0.767,0.627,0,-4.096,0.0401,0.537,0,0.359,0.689,94.028,0
Summer Days (feat. Macklemore & Patrick Stump of Fall Out Boy),Martin Garrix,0.661,0.723,5,-6.976,0.0566,0.179,1.23e-05,0.14,0.316,113.778,0
Higher Love,Kygo,0.693,0.678,8,-7.159,0.0324,0.0154,6.05e-06,0.101,0.404,103.952,0
Rodeo,Lil Nas X,0.706,0.679,9,-5.614,0.0324,0.139,6.98e-05,0.465,0.657,140.081,0
Alien Boy,Oliver Tree,0.803,0.599,1,-5.169,0.0985,0.111,0,0.236,0.484,130.107,0
Rescue Me,OneRepublic,0.759,0.605,7,-7.737,0.0433,0.156,0,0.694,0.64,121.049,0
Easier,5 Seconds of Summer,0.505,0.428,5,-5.604,0.221,0.489,0,0.0977,0.618,175.813,0
Mad Love,Mabel,0.622,0.796,0,-2.999,0.172,0.667,0,0.106,0.62,197.705,0
If I Can't Have You,Shawn Mendes,0.692,0.809,2,-4.198,0.0602,0.524,0,0.147,0.864,123.911,0
Ritual,Tiësto,0.647,0.726,3,-4.389,0.0552,0.157,0,0.0844,0.767,114.996,0
Con Calma,Daddy Yankee,0.737,0.86,8,-2.652,0.0593,0.11,1.94e-06,0.0574,0.656,93.989,0
Trip,Ella Mai,0.477,0.61,11,-5.628,0.144,0.225,0,0.107,0.358,79.882,0
Sorry,Beyoncé,0.775,0.598,2,-7.274,0.0535,0.00175,4.44e-06,0.253,0.356,129.988,0
Exchange,Bryson Tiller,0.53,0.433,6,-10.598,0.185,0.108,0,0.135,0.274,160.14,0
Kiss Me Thru The Phone,Soulja Boy,0.761,0.724,7,-3.818,0.111,0.0175,0,0.116,0.815,149.936,0
Love Galore (feat. Travis Scott),SZA,0.795,0.594,0,-6.2,0.0747,0.111,0,0.162,0.409,135.002,0
Pink + White,Frank Ocean,0.544,0.552,9,-7.45,0.0991,0.67,4.57e-05,0.415,0.554,159.738,0
Hold Up,Beyoncé,0.524,0.397,0,-11.936,0.405,0.745,0,0.521,0.552,80.744,0
All My Friends (feat. Tinashe & Chance the Rapper),Snakehips,0.689,0.521,0,-5.845,0.132,0.119,8.41e-05,0.108,0.178,95.055,0
All Time Low,Jon Bellion,0.617,0.567,0,-4.188,0.0828,0.0584,0,0.0933,0.505,90.246,0
Unforgettable,French Montana,0.726,0.769,6,-5.043,0.123,0.0293,0.0101,0.104,0.733,97.985,0
Formation,Beyoncé,0.896,0.621,5,-6.857,0.237,0.00532,0,0.196,0.818,121.966,0
Slide (feat. Frank Ocean & Migos),Calvin Harris,0.736,0.795,1,-3.299,0.0545,0.498,1.21e-06,0.254,0.511,104.066,0
I Like It,Cardi B,0.816,0.726,5,-3.998,0.129,0.099,0,0.372,0.65,136.048,0
Beautiful Girls,Sean Kingston,0.762,0.661,1,-6.075,0.0687,0.15,0,0.256,0.769,130.009,0
Controlla,Drake,0.607,0.476,10,-11.076,0.249,0.0773,0,0.113,0.347,122.976,0
Daddy Lessons,Beyoncé,0.643,0.503,7,-8.37,0.216,0.273,0,0.349,0.598,90.886,0
Feel Good,Gryffin,0.62,0.713,2,-4.753,0.0342,0.217,3.3e-06,0.222,0.451,137.957,0
Bodak Yellow,Cardi B,0.926,0.703,11,-6.337,0.103,0.0659,0,0.231,0.485,125.022,0
Youngblood,5 Seconds of Summer,0.596,0.854,7,-5.114,0.463,0.0169,0,0.124,0.152,120.274,0
Needed Me,Rihanna,0.671,0.314,5,-8.091,0.244,0.11,0,0.0825,0.296,110.898,0
Replay,Iyaz,0.706,0.751,9,-6.323,0.0708,0.173,0,0.168,0.195,91.031,0
I'm the One,DJ Khaled,0.599,0.667,7,-4.267,0.0367,0.0533,0,0.134,0.817,80.984,0
The Hills,The Weeknd,0.58,0.565,0,-7.065,0.0488,0.0671,0,0.135,0.138,112.986,0
Bad At Love,Halsey,0.675,0.751,0,-3.539,0.0296,0.0604,0,0.0893,0.612,118.384,0
Too Good,Drake,0.8,0.656,7,-7.787,0.109,0.0543,3.92e-05,0.102,0.406,117.963,0
Classic,MKTO,0.72,0.791,1,-4.689,0.124,0.0384,0,0.157,0.756,102.071,0
Never Be Like You,Flume,0.443,0.558,0,-5.436,0.0624,0.441,0,0.163,0.248,116.838,0
Cruel (feat. ZAYN),Snakehips,0.603,0.879,5,-4.098,0.124,0.0184,0,0.156,0.318,110.125,0
Now Or Never,Halsey,0.67,0.585,6,-4.861,0.0354,0.107,1.11e-06,0.131,0.447,110.03,0
Happy Now,Zedd,0.503,0.741,4,-5.128,0.047,0.579,1.49e-06,0.0712,0.458,88.335,0
Good Old Days (feat. Kesha),Macklemore,0.712,0.51,8,-8.162,0.0633,0.446,2.46e-05,0.112,0.268,122.964,0
"Me, Myself & I",G-Eazy,0.757,0.672,0,-6.524,0.0955,0.0186,0,0.158,0.382,111.996,0
Everyday,Ariana Grande,0.637,0.733,7,-4.387,0.0553,0.0152,0,0.162,0.432,131.005,0
My My My!,Troye Sivan,0.701,0.458,1,-7.749,0.0836,0.00407,0.000151,0.045,0.482,102.967,0
"Sucker For Pain (with Wiz Khalifa, Imagine Dragons, Logic & Ty Dolla $ign feat. X Ambassadors)",Lil Wayne,0.502,0.786,9,-4.378,0.317,0.255,0,0.65,0.739,169.021,0
She's American,The 1975,0.639,0.859,1,-3.923,0.0554,0.18,0.000499,0.0798,0.523,115.97,0
Black Beatles,Rae Sremmurd,0.794,0.647,0,-6.232,0.0628,0.158,0,0.139,0.345,145.945,0
Strip That Down,Liam Payne,0.869,0.485,6,-5.595,0.0545,0.246,0,0.0765,0.527,106.028,0
Please Don't Go,Joel Adams,0.513,0.768,4,-4.868,0.0587,0.0118,1.94e-05,0.294,0.235,84.264,0
Close,Nick Jonas,0.653,0.623,6,-5.273,0.082,0.253,0,0.144,0.401,123.999,0
Hard Times,Paramore,0.695,0.818,5,-5.379,0.0334,0.00647,4.87e-06,0.0219,0.916,119.965,0
One Dance,Drake,0.796,0.61,1,-5.857,0.0516,0.00842,0.00286,0.351,0.391,103.99,0
Starboy,The Weeknd,0.678,0.606,7,-7.059,0.282,0.14,2.37e-06,0.149,0.521,185.997,0
Company,Justin Bieber,0.617,0.8,4,-5.024,0.0654,0.147,0,0.0852,0.42,94.985,0
In2,WSTRN,0.553,0.662,8,-6.454,0.129,0.342,0,0.141,0.561,98.368,0
Back To You,Selena Gomez,0.6,0.683,6,-6.271,0.0493,0.0984,1.26e-06,0.11,0.494,102.036,0
Live Your Life (feat. Rihanna),T.I.,0.375,0.862,11,-3.363,0.255,0.071,0,0.211,0.478,159.841,0
Party In The U.S.A.,Miley Cyrus,0.652,0.698,10,-4.667,0.042,0.00112,0.000115,0.0886,0.47,96.021,0
Jealous - Remix,Nick Jonas,0.684,0.71,11,-3.614,0.0779,0.0132,0,0.444,0.451,93.007,0
Look What God Gave Her,Thomas Rhett,0.739,0.85,2,-3.966,0.0308,0.0272,0,0.181,0.883,113.0,0
Walk Me Home,P!nk,0.652,0.453,1,-6.119,0.0445,0.0519,0,0.179,0.432,88.038,0
Unconditional,Freya Ridings,0.4,0.219,2,-7.746,0.0348,0.921,2.19e-06,0.33,0.308,120.237,0
Never Seen the Rain,Tones and I,0.485,0.461,9,-5.646,0.0444,0.44,0,0.232,0.324,87.009,0
Gone,Charli XCX,0.906,0.438,6,-7.574,0.0654,0.0425,2.18e-05,0.071,0.64,114.008,0
China,Anuel AA,0.786,0.808,7,-3.702,0.0882,0.0846,0.000289,0.0822,0.609,105.027,0
Forever,Tory Lanez,0.805,0.776,1,-6.006,0.139,0.000159,0,0.0502,0.172,146.997,0
These Are The Times (feat. JRM),Martin Garrix,0.687,0.707,4,-6.19,0.0328,0.0536,9.29e-05,0.16,0.607,127.033,0
Why Do You Love Me,Charlotte Lawrence,0.81,0.305,8,-6.165,0.0902,0.28,0.000116,0.203,0.732,120.013,0
Baby,Quality Control,0.97,0.463,10,-7.259,0.366,0.0957,0,0.151,0.46,108.003,0
Acid Dreams,MAX,0.817,0.509,0,-4.17,0.0839,0.146,2.53e-05,0.111,0.77,99.988,0
"Royalty (feat. Ky-Mani Marley, Stefflon Don & Vybz Kartel)",XXXTENTACION,0.919,0.538,1,-6.15,0.241,0.0243,0.0415,0.0956,0.597,124.952,0
Prophet,King Princess,0.502,0.783,7,-4.718,0.105,0.115,0.000464,0.099,0.626,165.996,0
I Can't Stop Me,Sabrina Carpenter,0.677,0.69,10,-3.111,0.0741,0.288,0,0.103,0.545,139.995,0
It Wasn't Easy To Be Happy For You,The Lumineers,0.765,0.373,2,-5.321,0.0302,0.854,0,0.0949,0.379,89.099,0
I Wish,Hayley Kiyoko,0.623,0.751,8,-3.176,0.235,0.324,3.31e-06,0.158,0.59,91.0,0
at least i look cool,Sasha Sloan,0.828,0.349,6,-9.96,0.17,0.647,1.57e-05,0.105,0.282,130.074,0
I Wanna Dance,Jonas Blue,0.825,0.841,0,-6.433,0.135,0.0906,0.00411,0.258,0.616,126.026,0
Kids,Rich Brian,0.635,0.694,1,-3.549,0.159,0.0596,0,0.141,0.398,85.809,0
Take Some Time,Surfaces,0.82,0.425,7,-11.418,0.0493,0.118,0,0.37,0.779,140.043,0
Pose To Do (feat. French Montana and Quavo),Lil Pump,0.638,0.633,4,-4.436,0.256,0.136,0,0.0999,0.624,159.919,0
Unspoken,Aaron Smith,0.376,0.172,2,-13.372,0.0379,0.958,0,0.354,0.347,143.398,0
Have It All (feat. Age.Sex.Location),Cosmo's Midnight,0.669,0.697,0,-11.104,0.248,0.157,1.95e-05,0.26,0.449,110.049,0
Hotel Walls,Smith & Thell,0.532,0.701,11,-9.007,0.0482,0.00916,0,0.127,0.281,141.849,0
what is real,iann dior,0.626,0.769,1,-4.48,0.0343,0.224,0,0.116,0.446,93.483,0
seasonal depression,mxmtoon,0.582,0.636,10,-5.408,0.081,0.704,0,0.152,0.381,155.825,0
Louder,CVBZ,0.633,0.766,4,-5.165,0.191,0.00342,1.21e-06,0.624,0.743,103.965,0
Back in My Arms,Carlie Hanson,0.543,0.781,1,-4.854,0.0988,0.0879,0,0.0868,0.522,150.174,0
The Hype,Twenty One Pilots,0.53,0.816,9,-6.149,0.0503,0.0105,0.00061,0.379,0.371,87.019,0
Drop It (Donde Quieras),Myles Parrish,0.909,0.797,10,-5.523,0.0399,0.00398,0.0114,0.361,0.557,102.045,0
Panini,Lil Nas X,0.703,0.594,5,-6.146,0.0752,0.342,0,0.123,0.475,153.848,0
How This Feels,R.LUM.R,0.603,0.624,9,-6.452,0.0531,0.0839,2.78e-06,0.255,0.502,159.96,0
Focus (feat. 21 Savage),Bazzi,0.752,0.703,1,-5.268,0.0969,0.00694,0,0.143,0.538,77.021,0
Bones,JC Stewart,0.451,0.436,11,-7.115,0.0394,0.468,0,0.0944,0.295,155.961,0
Death of Me,PVRIS,0.695,0.608,1,-6.117,0.0341,0.0262,4.08e-06,0.157,0.394,120.002,0
I Wish,Hayley Kiyoko,0.623,0.756,8,-3.342,0.224,0.315,1.02e-05,0.15,0.577,91.01,0
La La Land (feat. YG) - ARKADI Remix,Bryce Vine,0.715,0.65,11,-3.578,0.0762,0.0313,0,0.223,0.926,100.002,0
Naked,Emily Weisband,0.468,0.496,8,-5.786,0.254,0.275,6.32e-06,0.118,0.355,79.2,0
Dizzy,LIVVIA,0.715,0.793,11,-3.12,0.0452,0.648,0,0.377,0.785,106.001,0
Ooh La La,Josie Dunne,0.821,0.585,6,-6.314,0.261,0.318,1.81e-05,0.17,0.686,144.065,0
Liberated,NIve,0.675,0.588,4,-7.189,0.0777,0.29,0,0.0796,0.225,122.016,0
move!,NIKI,0.829,0.49,6,-7.003,0.508,0.523,0,0.0861,0.801,126.922,0
Mirror Talk,Griff,0.79,0.342,0,-8.946,0.314,0.11,0,0.104,0.417,86.984,0
Truth Hurts,Lizzo,0.715,0.624,4,-3.046,0.114,0.11,0,0.123,0.412,158.087,0
The London (feat. J. Cole & Travis Scott),Young Thug,0.796,0.586,4,-6.946,0.147,0.0247,0,0.132,0.179,97.981,0
Some Girl,Andy Grammer,0.501,0.537,1,-7.405,0.142,0.0691,0,0.125,0.151,135.944,0
Hello,J. Cole,0.631,0.7,9,-8.565,0.212,0.0774,1.19e-05,0.106,0.329,159.973,0
"Hold On, We're Going Home",Drake,0.776,0.413,6,-7.438,0.0952,0.00415,2.68e-05,0.0724,0.287,100.003,0
Connect,Drake,0.683,0.488,6,-9.473,0.135,0.408,0,0.132,0.469,75.039,0
Go Loko,YG,0.88,0.67,2,-5.188,0.0429,0.299,5.08e-06,0.0677,0.142,100.995,0
No Guidance (feat. Drake),Chris Brown,0.698,0.454,1,-6.756,0.151,0.123,0,0.155,0.137,92.932,0
EARFQUAKE,"Tyler, The Creator",0.554,0.498,9,-8.866,0.0685,0.23,5.98e-06,0.795,0.413,79.635,0
So Bad,Eminem,0.773,0.811,1,0.496,0.0882,0.304,0,0.174,0.774,81.037,0
Way Back Home (feat. Ty Dolla $ign),YBN Cordae,0.868,0.521,1,-7.837,0.426,0.378,0,0.374,0.407,117.146,0
It All Comes Out in the Wash,Miranda Lambert,0.602,0.73,0,-4.925,0.0314,0.00106,0.000115,0.095,0.923,164.027,-1
Tip of My Tongue,Kenny Chesney,0.669,0.559,5,-5.003,0.0251,0.0805,0,0.0703,0.491,95.001,-1
One Thing Right - feat. Kane Brown,Marshmello,0.659,0.623,4,-2.253,0.0451,0.0667,0,0.582,0.439,88.042,-1
Talk You Out Of It,Florida Georgia Line,0.652,0.712,4,-4.588,0.0388,0.596,0,0.0814,0.553,120.063,-1
We Were Like,Kelsea Ballerini,0.591,0.92,4,-4.591,0.0428,0.0421,1.36e-05,0.25,0.59,100.011,-1
Living,Dierks Bentley,0.517,0.813,1,-6.325,0.0558,0.0153,0,0.106,0.444,83.005,-1
Lonely If You Are,Chase Rice,0.593,0.745,7,-4.37,0.0574,0.19,0,0.227,0.849,169.951,-1
Thought About You,Tim McGraw,0.563,0.745,2,-4.753,0.0288,0.24,4.96e-05,0.11,0.28,121.015,-1
Rearview Town,Jason Aldean,0.526,0.85,10,-4.47,0.0313,0.023,0,0.0948,0.338,141.973,-1
To a T,Ryan Hurd,0.687,0.641,11,-5.814,0.03,0.17,0,0.111,0.663,120.04,-1
The Ones That Didn’t Make It Back Home,Justin Moore,0.537,0.784,3,-4.869,0.034,0.0979,0,0.224,0.468,137.995,-1
Make Me Want To,Jimmie Allen,0.519,0.872,2,-3.212,0.0616,0.0793,0,0.111,0.74,179.965,-1
Ridin' Roads,Dustin Lynch,0.547,0.817,9,-4.255,0.0448,0.0986,0,0.136,0.592,142.118,-1
Anything but Yellow,Haley Mae Campbell,0.682,0.728,5,-6.036,0.0411,0.494,3.96e-06,0.0514,0.497,129.942,-1
Refrigerator Door,Luke Combs,0.526,0.868,1,-4.396,0.0491,0.0111,6.22e-06,0.12,0.626,75.007,-1
That's How You Got It,John Gurney,0.673,0.683,4,-4.224,0.0321,0.00181,1.06e-05,0.099,0.824,89.984,-1
Every Girl in This Town,Trisha Yearwood,0.616,0.681,7,-7.265,0.0304,0.0572,0,0.0899,0.353,111.942,-1
Someone I Used To Know,Zac Brown Band,0.621,0.746,6,-5.69,0.03,0.000927,0.00108,0.102,0.334,107.953,-1
Knockin' Boots,Luke Bryan,0.739,0.682,2,-3.728,0.205,0.129,0,0.328,0.634,131.983,-1
The Bones,Maren Morris,0.612,0.57,11,-6.642,0.0347,0.279,0,0.0963,0.335,77.004,-1
Even Though I'm Leaving,Luke Combs,0.547,0.743,2,-6.064,0.0323,0.235,0,0.231,0.647,77.9,-1
Look What God Gave Her,Thomas Rhett,0.732,0.847,2,-3.921,0.0307,0.0221,0,0.246,0.885,113.012,-1
There's A Drink For That,James Barker Band,0.628,0.688,7,-6.2,0.0268,0.0081,0,0.301,0.699,96.012,-1
My Miracle,Brad Paisley,0.573,0.656,4,-5.564,0.0274,0.496,3.41e-05,0.0991,0.547,140.036,-1
All To Myself,Dan + Shay,0.651,0.782,1,-4.622,0.0303,0.23,0,0.139,0.619,94.94,-1
Head Over Heels,Runaway June,0.578,0.879,4,-4.912,0.0306,0.0296,0,0.22,0.699,93.006,-1
"Big, Big Plans",Chris Lane,0.574,0.58,7,-6.091,0.0278,0.076,0,0.12,0.4,149.97,-1
My Love,Clare Dunn,0.686,0.888,7,-2.173,0.055,0.0584,0,0.211,0.598,109.994,-1
Leave Her Wild,Tyler Rich,0.402,0.754,0,-5.268,0.0571,0.0394,0,0.128,0.502,173.887,-1
Better Luck Next Time,Kelsea Ballerini,0.373,0.477,8,-6.391,0.0819,0.226,0,0.0879,0.531,198.522,-1
Try Saying Goodbye,John King,0.432,0.77,5,-7.076,0.0331,0.0117,0,0.0849,0.335,93.858,-1
Love Ain't,Eli Young Band,0.6,0.851,11,-4.645,0.0388,0.00566,9.78e-06,0.0891,0.727,98.007,-1
Raised on Country,Chris Young,0.572,0.794,2,-3.224,0.0455,0.395,0,0.23,0.79,148.095,-1
What Happens In A Small Town,Brantley Gilbert,0.496,0.775,11,-5.304,0.0411,0.000927,0,0.14,0.478,138.165,-1
Good as You,Kane Brown,0.634,0.516,8,-6.05,0.0373,0.4,0,0.142,0.769,153.831,-1
Good Vibes,Chris Janson,0.582,0.846,0,-2.771,0.0451,0.022,0,0.133,0.736,92.004,-1
One Man Band,Old Dominion,0.705,0.363,6,-8.327,0.0355,0.667,0,0.112,0.482,75.98,-1
Beer Never Broke My Heart,Luke Combs,0.54,0.863,1,-4.483,0.0481,0.0138,0,0.0871,0.64,77.0,-1
What If I Never Get Over You,Lady Antebellum,0.58,0.725,0,-5.124,0.0273,0.016,0,0.107,0.369,93.014,-1
Closer To You,Carly Pearce,0.662,0.685,4,-4.561,0.0302,0.125,0,0.0961,0.447,111.964,-1
Famous,Adam Doleac,0.736,0.423,7,-6.934,0.0428,0.398,0,0.108,0.346,94.919,-1
Southbound,Carrie Underwood,0.614,0.884,0,-4.019,0.0402,0.00122,0,0.077,0.721,100.531,-1
Nobody,Dylan Scott,0.573,0.747,0,-6.46,0.0319,0.519,1.13e-06,0.0867,0.645,79.952,-1
Can’t Hide Red,Florida Georgia Line,0.514,0.864,4,-3.246,0.0502,0.0256,0,0.103,0.471,94.927,-1
Prayed For You,Matt Stell,0.595,0.698,9,-5.836,0.0361,0.0851,0,0.106,0.518,140.035,-1
Some Of It,Eric Church,0.56,0.736,0,-7.306,0.0446,0.341,9.81e-06,0.155,0.824,79.843,-1
Beer Can’t Fix,Thomas Rhett,0.711,0.774,7,-4.068,0.0308,0.0317,0,0.124,0.939,111.016,-1
GIRL,Maren Morris,0.44,0.793,6,-3.95,0.0502,0.0677,0,0.0788,0.447,143.599,-1
Take It From Me,Jordan Davis,0.598,0.893,10,-3.136,0.0497,0.0227,0,0.352,0.667,100.031,-1
I Don't Know About You,Chris Lane,0.594,0.808,1,-5.749,0.0615,0.601,0,0.119,0.73,144.028,-1
God's Country,Blake Shelton,0.538,0.752,10,-5.106,0.0396,0.0608,5.39e-06,0.118,0.217,139.984,-1
In Between,Scotty McCreery,0.592,0.928,11,-5.403,0.0557,0.0166,1.38e-05,0.123,0.391,121.997,-1
Rumor,Lee Brice,0.655,0.56,9,-6.857,0.0486,0.749,0,0.115,0.599,140.975,-1
Alcohol You Later,Mitchell Tenpenny,0.668,0.595,8,-6.977,0.0373,0.0252,0,0.0978,0.459,99.973,-1
We Were,Keith Urban,0.44,0.803,5,-6.162,0.0512,0.127,0,0.128,0.633,79.312,-1
Somebody's Daughter,Tenille Townes,0.479,0.859,0,-5.208,0.0395,0.00206,0,0.123,0.537,173.924,-1
Heartbeat,Carrie Underwood,0.54,0.766,1,-4.478,0.05,0.606,0,0.0903,0.435,139.999,-1
Beautiful Crazy,Luke Combs,0.552,0.402,11,-7.431,0.0262,0.676,0,0.0928,0.382,103.313,-1
Meant to Be (feat. Florida Georgia Line),Bebe Rexha,0.643,0.783,10,-6.458,0.0856,0.047,0,0.083,0.579,154.084,-1
Something 'Bout You,Sir Rosevelt,0.692,0.692,2,-6.065,0.0818,0.189,0,0.0884,0.75,153.255,-1
Heartache On The Dance Floor,Jon Pardi,0.594,0.824,9,-4.252,0.0458,0.0617,0,0.0861,0.671,116.005,-1
Broken Halos,Chris Stapleton,0.607,0.575,8,-7.066,0.0252,0.133,2.52e-06,0.0566,0.504,78.341,-1
The Middle,Zedd,0.753,0.657,7,-3.061,0.0449,0.171,0,0.112,0.437,107.01,-1
Small Town Boy,Dustin Lynch,0.553,0.747,9,-5.905,0.0292,0.0244,0,0.363,0.711,73.033,-1
I Like The Sound Of That,Rascal Flatts,0.611,0.8,0,-5.61,0.0377,0.257,0,0.194,0.527,89.974,-1
Body Like A Back Road,Sam Hunt,0.731,0.469,5,-7.226,0.0326,0.463,1.04e-06,0.103,0.631,98.963,-1
Head Over Boots,Jon Pardi,0.637,0.669,7,-4.608,0.0237,0.0919,0,0.103,0.638,108.078,-1
Dirty Laundry,Carrie Underwood,0.456,0.874,10,-4.129,0.114,0.0595,1.12e-05,0.111,0.5,200.179,-1
H.O.L.Y.,Florida Georgia Line,0.525,0.685,7,-3.954,0.0351,0.385,0,0.0731,0.54,78.003,-1
Hard To Love,Lee Brice,0.638,0.722,9,-6.177,0.0332,0.0119,0.00808,0.189,0.469,103.017,-1
Play It Again,Luke Bryan,0.51,0.898,11,-3.15,0.0696,0.0832,0,0.071,0.596,144.056,-1
What Ifs,Kane Brown,0.612,0.799,10,-4.603,0.0275,0.00898,0,0.172,0.687,125.976,-1
Parachute,Chris Stapleton,0.642,0.762,6,-7.411,0.0296,0.00967,5.72e-05,0.182,0.605,113.038,-1
Springsteen,Eric Church,0.692,0.809,2,-5.935,0.0255,0.1,9.77e-05,0.185,0.927,104.023,-1
Do I Make You Wanna,Billy Currington,0.549,0.751,9,-5.423,0.0299,0.122,0,0.208,0.493,89.953,-1
Night Train,Jason Aldean,0.493,0.708,5,-5.196,0.0291,0.0575,0,0.175,0.547,158.037,-1
Church Bells,Carrie Underwood,0.575,0.844,3,-1.772,0.0633,0.226,0,0.0538,0.542,87.007,-1
Wagon Wheel,Darius Rucker,0.529,0.663,9,-7.138,0.0306,0.456,0,0.142,0.592,148.102,-1
Hometown Girl,Josh Turner,0.504,0.805,3,-5.653,0.0316,0.269,0.103,0.117,0.496,155.956,-1
Tequila,Dan + Shay,0.474,0.594,11,-5.756,0.0289,0.0292,0,0.133,0.503,86.131,-1
May We All,Florida Georgia Line,0.488,0.915,7,-4.255,0.0389,0.0406,0,0.351,0.646,75.019,-1
It Don't Hurt Like It Used To,Billy Currington,0.503,0.824,3,-4.039,0.0524,0.083,0,0.21,0.448,161.981,-1
Any Ol' Barstool,Jason Aldean,0.536,0.722,4,-4.163,0.0284,0.312,0,0.117,0.499,143.78,-1
Heaven,Kane Brown,0.677,0.556,9,-6.544,0.0306,0.263,0,0.105,0.521,80.009,-1
Greatest Love Story,LANCO,0.665,0.621,10,-8.571,0.0524,0.38,0,0.119,0.632,147.975,-1
You Broke Up with Me,Walker Hayes,0.846,0.711,0,-7.939,0.061,0.496,0,0.247,0.883,120.013,-1
Simple,Florida Georgia Line,0.375,0.889,3,-3.704,0.0991,0.0848,0,0.136,0.881,199.669,-1
Song for Another Time,Old Dominion,0.497,0.805,11,-3.995,0.0332,0.125,0,0.167,0.696,166.048,-1
All the Pretty Girls,Kenny Chesney,0.612,0.848,6,-3.736,0.0368,0.00916,0,0.366,0.719,120.996,-1
Die A Happy Man,Thomas Rhett,0.66,0.383,2,-9.377,0.0304,0.381,0,0.119,0.381,83.096,-1
Cry Pretty,Carrie Underwood,0.374,0.742,6,-3.36,0.0432,0.00517,0,0.11,0.21,139.953,-1
Speechless,Dan + Shay,0.631,0.44,1,-5.948,0.028,0.328,0,0.239,0.418,136.033,-1
Singles You Up,Jordan Davis,0.489,0.9,7,-3.563,0.0488,0.0441,0,0.247,0.611,200.054,-1
Stay A Little Longer,Brothers Osborne,0.555,0.89,6,-5.533,0.0309,0.0414,0.131,0.147,0.513,96.987,-1
Kiss Somebody,Morgan Evans,0.492,0.681,6,-7.038,0.075,0.143,0,0.199,0.511,178.01,-1
When It Rains It Pours,Luke Combs,0.551,0.801,6,-5.069,0.0303,0.013,6.03e-06,0.265,0.625,128.027,-1
Unforgettable,Thomas Rhett,0.663,0.738,7,-5.48,0.0303,0.032,0.000225,0.0856,0.825,130.02,-1
Sleep Without You,Brett Young,0.631,0.716,10,-5.713,0.0432,0.013,0,0.0756,0.647,88.541,-1
House Party,Sam Hunt,0.747,0.861,8,-5.251,0.0514,0.113,0,0.026,0.859,103.966,-1
I Was Jack (You Were Diane),Jake Owen,0.603,0.872,6,-3.563,0.0487,0.102,0,0.0505,0.594,94.008,-1
You Make It Easy,Jason Aldean,0.375,0.574,7,-5.305,0.0315,0.143,0,0.11,0.406,132.025,-1
Bring It On Over,Billy Currington,0.705,0.761,0,-4.579,0.0298,0.00385,0,0.186,0.819,99.986,-1
Love Wins,Carrie Underwood,0.523,0.865,7,-4.697,0.0989,0.0112,0,0.153,0.325,135.115,-1
One Number Away,Luke Combs,0.544,0.781,6,-6.16,0.0311,0.00585,0,0.191,0.527,144.075,-1
Round Here,Florida Georgia Line,0.523,0.954,1,-3.051,0.0374,0.00385,1.65e-06,0.243,0.901,141.982,-1
Mercy,Brett Young,0.638,0.367,4,-7.906,0.0266,0.84,0,0.0999,0.219,71.957,-1
I Could Use a Love Song,Maren Morris,0.638,0.634,6,-6.474,0.0468,0.214,0,0.0866,0.473,92.097,-1
Written in the Sand,Old Dominion,0.725,0.437,6,-9.602,0.0575,0.593,0,0.0842,0.759,83.985,-1
I'm Comin' Over,Chris Young,0.575,0.845,10,-3.838,0.035,0.0282,0,0.0814,0.376,127.997,-1
Hurricane,Luke Combs,0.443,0.804,10,-6.432,0.0406,0.0165,2.89e-06,0.181,0.438,151.928,-1
Lose It,Kane Brown,0.549,0.869,4,-4.905,0.0289,0.00261,1.77e-06,0.29,0.433,91.988,-1
In Case You Didn't Know,Brett Young,0.596,0.544,10,-7.294,0.0315,0.397,0,0.106,0.393,147.976,-1
Over You,Miranda Lambert,0.566,0.507,6,-6.973,0.0279,0.535,0.00619,0.107,0.141,158.119,-1
Loved by a Country Boy,Trea Landon,0.639,0.737,5,-2.632,0.0255,0.124,0,0.128,0.674,90.035,-1
Drinkin' Hours,Cole Swindell,0.522,0.922,8,-3.184,0.077,0.0552,0,0.284,0.878,156.045,-1
What I've Been Missin',ALISSA GRIFFITH,0.523,0.73,1,-4.507,0.0374,0.0749,3.36e-06,0.12,0.472,151.943,-1
Thank Me for That,Tyler Braden,0.535,0.902,0,-2.942,0.0381,0.0808,0,0.256,0.479,131.021,-1
Colorblind,Jordan Rager,0.585,0.728,4,-4.709,0.0323,0.00393,0,0.0762,0.314,129.96,-1
All I Need to See,Mitch Rossell,0.682,0.714,0,-6.775,0.0283,0.0675,0.000445,0.182,0.376,115.986,-1
Get the Girl,Trea Landon,0.52,0.754,1,-3.526,0.0645,0.351,0,0.103,0.464,159.98,-1
Catching Fire,Josh Abbott Band,0.528,0.735,0,-4.241,0.0284,0.0575,3.99e-06,0.156,0.436,99.995,-1
Field Party,Kassi Ashton,0.781,0.861,6,-6.302,0.126,0.158,2.81e-06,0.768,0.844,93.985,-1
Waitin' on 5,Chris Janson,0.54,0.896,1,-2.925,0.0457,0.0673,0,0.146,0.865,159.908,-1
Love That,Seaforth,0.583,0.802,0,-6.242,0.0399,0.206,4.37e-06,0.328,0.448,101.975,-1
Greener,Josh Mirenda,0.718,0.458,7,-5.832,0.026,0.198,0,0.0831,0.345,127.989,-1
One At A Time,Jackson Michelson,0.693,0.845,11,-3.927,0.0362,0.125,7.81e-06,0.16,0.935,97.98,-1
Don't Let Her,Walker Hayes,0.712,0.64,4,-5.219,0.0374,0.0987,1.32e-06,0.0787,0.713,88.026,-1
GOOD TIME,Niko Moon,0.791,0.64,5,-5.876,0.0468,0.134,0,0.371,0.616,138.043,-1
Chasin' You,Morgan Wallen,0.631,0.589,7,-5.821,0.0278,0.668,0,0.111,0.487,97.067,-1
Little More You,Josh Abbott Band,0.484,0.838,7,-3.039,0.0336,0.0633,6.26e-06,0.118,0.645,143.983,-1
Drink I Think,John Gurney,0.632,0.725,5,-6.203,0.0276,0.361,5.32e-06,0.128,0.62,90.034,-1
Everywhere But On,Matt Stell,0.558,0.737,6,-4.022,0.0275,0.0391,0,0.0944,0.335,149.956,-1
If You're Lucky,Adam Craig,0.504,0.838,8,-2.383,0.041,0.0323,0.000152,0.111,0.697,140.133,-1
Stay Over,Jackson Michelson,0.597,0.798,0,-5.163,0.0319,0.0446,0,0.121,0.686,142.011,-1
Life I'm Livin',Adam Sanders,0.677,0.891,8,-3.224,0.043,0.249,0,0.147,0.697,121.985,-1
Really Shouldn't Drink Around You,Teddy Robb,0.62,0.733,9,-4.794,0.0517,0.621,0,0.0755,0.507,73.021,-1
Panorama,Ryan Hurd,0.505,0.78,11,-6.344,0.0381,0.0228,0,0.0974,0.166,104.024,-1
Proofs in the Bourbon,Darrell Rae,0.614,0.859,11,-4.568,0.0503,0.18,0.00045,0.0687,0.467,136.011,-1
What Could've Been,Gone West,0.602,0.574,10,-5.926,0.0293,0.555,0,0.135,0.394,143.986,-1
Remember These Words,Luke Pell,0.567,0.819,2,-6.157,0.0263,0.0458,0.000129,0.127,0.502,154.133,-1
Lucky Stars,Josh Gracin,0.505,0.761,2,-4.084,0.0339,0.00955,0,0.318,0.372,135.929,-1
Life After Your Leavin',Ray Fulcher,0.618,0.864,0,-5.504,0.0381,0.247,4.85e-06,0.117,0.725,83.06,-1
Loving Me Lonely,Martin McDaniel,0.568,0.601,1,-5.715,0.0281,0.0413,0,0.0969,0.39,124.045,-1
One Good Reason,Hunter Hayes,0.416,0.681,6,-7.67,0.054,0.137,0,0.0987,0.554,89.833,-1
Town Ain't Big Enough,Chris Young,0.441,0.826,6,-4.175,0.04,0.0638,0.00162,0.0944,0.577,75.982,-1
Drop of Us,Levi Hummon,0.597,0.856,6,-5.542,0.0578,0.0026,0,0.449,0.578,108.935,-1
More Beautiful,Josh Jenkins,0.42,0.86,4,-6.415,0.0407,0.146,0,0.222,0.661,179.913,-1
Other Girl,Filmore,0.428,0.664,0,-5.842,0.039,0.28,0,0.174,0.623,166.222,-1
Now You Know,Jon Langston,0.475,0.932,6,-4.005,0.0649,0.0296,0,0.0883,0.524,148.075,-1
No Matter What,King Calaway,0.641,0.728,10,-6.549,0.0366,0.0678,0,0.065,0.624,103.951,-1
Drop,Dallas Smith,0.632,0.872,6,-4.242,0.0638,0.14,0,0.131,0.339,119.969,-1
Somebody Like Me,Ray Fulcher,0.542,0.807,9,-5.969,0.0327,0.15,0,0.0827,0.379,149.969,-1
Drinkin',Cold Creek County,0.645,0.793,1,-6.723,0.0279,0.122,1.64e-06,0.109,0.769,98.038,-1
Thinking About You,Logan Mize,0.669,0.7,0,-6.647,0.0329,0.018,0,0.104,0.791,123.976,-1
Break It In,Eli Young Band,0.487,0.735,2,-6.735,0.0453,0.00352,0,0.109,0.6,157.908,-1
Guy Like You,Abby Anderson,0.835,0.665,3,-4.909,0.0329,0.308,0,0.128,0.775,120.998,-1
Anything Like You Dance,Ray Fulcher,0.692,0.887,11,-5.458,0.0644,0.141,1.52e-06,0.178,0.45,114.056,-1
Over Us,Dylan Brady,0.495,0.775,10,-5.112,0.0361,0.0184,0,0.0904,0.385,133.051,-1
Don’t Wanna Write This Song,Brett Young,0.507,0.452,2,-7.557,0.0377,0.19,0,0.0841,0.224,150.217,-1
Better Than Me,Tucker Beathard,0.538,0.879,1,-3.161,0.0449,0.0476,3.17e-05,0.284,0.44,142.015,-1
Me And Jack,Jon Pardi,0.384,0.958,9,-3.018,0.0598,0.0219,3.03e-05,0.272,0.749,107.048,-1
Come Back,Brinley Addington,0.525,0.713,9,-5.511,0.0355,0.517,0,0.163,0.386,161.923,-1
Details,Billy Currington,0.678,0.714,5,-4.03,0.111,0.0164,0,0.298,0.868,139.991,-1
Get That Man A Beer,Riley Green,0.56,0.808,4,-4.676,0.0311,0.00804,0,0.313,0.621,134.07,-1
Rules of Breaking Up,Brandon Ratcliff,0.646,0.758,1,-3.639,0.0391,0.155,0,0.174,0.776,141.906,-1
Girlfriend,Renee Blair,0.458,0.694,4,-5.898,0.0343,0.00722,0,0.125,0.291,196.164,-1
Home in a Hometown,Matt Stell,0.546,0.676,5,-4.5,0.0292,0.0599,0,0.24,0.509,139.961,-1
Ain't Working for Me,Spencer Crandall,0.607,0.637,6,-5.36,0.0484,0.305,0,0.0806,0.496,149.938,-1
All Nighter,Cole Swindell,0.556,0.74,11,-4.554,0.0499,0.0671,0,0.106,0.365,115.057,-1
Homemade,Jake Owen,0.505,0.841,6,-2.733,0.0488,0.395,0,0.22,0.57,146.061,-1
Some Girls,Jameson Rodgers,0.431,0.831,8,-5.108,0.0474,0.0791,0,0.312,0.352,167.96,-1
I Do For You,Dillon Carmichael,0.658,0.664,2,-5.193,0.0308,0.00118,0.0178,0.0902,0.675,112.98,-1
Talk You Out Of It,Florida Georgia Line,0.651,0.708,4,-4.791,0.0376,0.582,0,0.0796,0.558,119.964,-1
Buy My Own Drinks,Runaway June,0.686,0.9,5,-4.406,0.0614,0.068,0,0.0985,0.962,155.963,-1
Good as You,Kane Brown,0.634,0.516,8,-6.05,0.0373,0.4,0,0.142,0.769,153.831,-1
Love You Too Late,Cole Swindell,0.542,0.797,9,-4.45,0.0379,0.00111,0,0.0906,0.593,113.95,-1
Eyes On You,Chase Rice,0.606,0.652,9,-6.982,0.0281,0.323,0,0.201,0.476,97.155,-1
Thought About You,Tim McGraw,0.563,0.745,2,-4.753,0.0288,0.24,4.96e-05,0.11,0.28,121.015,-1
Back To Life,Rascal Flatts,0.467,0.701,4,-4.997,0.0302,0.191,0,0.0769,0.28,132.041,-1
Every Little Thing,Russell Dickerson,0.638,0.854,1,-4.664,0.11,0.216,0,0.0357,0.859,93.869,-1
Day Drunk,Morgan Evans,0.647,0.754,10,-5.446,0.0378,0.015,0,0.0684,0.755,97.005,-1
She Got the Best of Me,Luke Combs,0.533,0.907,11,-3.793,0.0406,0.0292,0,0.386,0.7,150.99,-1
Girl Like You,Jason Aldean,0.543,0.88,3,-4.204,0.0365,0.035,0.000227,0.304,0.483,144.057,-1
Best Shot,Jimmie Allen,0.629,0.464,4,-8.72,0.0334,0.75,0,0.0853,0.523,156.051,-1
This Is It,Scotty McCreery,0.557,0.511,8,-6.788,0.0291,0.254,0,0.099,0.602,156.042,-1
Make It Sweet,Old Dominion,0.539,0.859,7,-4.465,0.0399,0.0317,0,0.102,0.456,89.937,-1
Here Tonight,Brett Young,0.517,0.776,11,-5.271,0.0362,0.0144,0,0.113,0.448,96.002,-1
Love Someone,Brett Eldredge,0.423,0.813,9,-5.011,0.0507,0.218,1.62e-06,0.0732,0.421,173.995,-1
Blue Tacoma,Russell Dickerson,0.455,0.897,9,-4.879,0.0403,0.0183,0,0.174,0.728,160.139,-1
Whiskey Glasses,Morgan Wallen,0.615,0.68,6,-4.582,0.0286,0.364,1.75e-06,0.115,0.702,149.992,-1
If I Know Me,Morgan Wallen,0.783,0.605,8,-5.792,0.098,0.766,7.42e-05,0.109,0.674,100.004,-1
Take It From Me,Jordan Davis,0.592,0.891,10,-3.144,0.0512,0.0267,0,0.352,0.674,99.983,-1
Night Shift,Jon Pardi,0.628,0.757,7,-3.561,0.0281,0.113,0,0.263,0.727,96.016,-1
She Got the Best of Me,Luke Combs,0.52,0.745,11,-5.391,0.0265,0.0152,0,0.123,0.581,76.033,-1
Drunk Me,Mitchell Tenpenny,0.386,0.799,2,-3.789,0.0555,0.201,0,0.103,0.391,86.333,-1
How Does It Sound,Dylan Schneider,0.536,0.761,7,-5.532,0.0287,0.0141,0,0.133,0.495,82.007,-1
Trust You,Julia Cole,0.661,0.536,2,-7.34,0.0386,0.25,0,0.128,0.605,94.955,-1
That Moment When,CB30,0.571,0.739,4,-4.82,0.0413,0.0125,0,0.095,0.517,93.964,-1
DRUNK OVER YOU,Niko Moon,0.785,0.86,1,-4.902,0.0491,0.0381,0.000236,0.227,0.792,145.929,-1
Terlingua Girl,Lillie Mae,0.258,0.527,2,-7.877,0.0283,0.0187,0.00646,0.109,0.426,138.134,-1
Almost,Thomas Rhett,0.603,0.739,0,-6.173,0.0243,0.0208,0,0.4,0.505,99.979,-1
Nobody,Dylan Scott,0.573,0.747,0,-6.46,0.0319,0.519,1.13e-06,0.0867,0.645,79.952,-1
Georgia Power,Blanco Brown,0.749,0.586,1,-9.43,0.138,0.372,0,0.121,0.412,140.075,-1
Down For It,Willie Jones,0.614,0.869,9,-3.234,0.0379,0.201,0,0.0903,0.506,82.021,-1
Locomotive,Miranda Lambert,0.568,0.967,4,-2.678,0.0799,0.00188,0.00206,0.361,0.686,107.378,-1
Ain't Always The Cowboy,Jon Pardi,0.539,0.837,9,-3.458,0.0385,0.0094,0,0.262,0.551,151.913,-1
Moon Over Mexico,Luke Combs,0.495,0.781,7,-5.871,0.0452,0.459,2.61e-06,0.106,0.486,140.962,-1
Ask Me How I Know,Mitch Rossell,0.528,0.58,1,-6.705,0.039,0.171,2.49e-06,0.0875,0.222,144.008,-1
You Got Me,Dylan Scott,0.669,0.684,7,-6.792,0.0344,0.656,3.17e-06,0.105,0.722,149.947,-1
Somebody Ain't You,Mitchell Tenpenny,0.592,0.749,11,-4.604,0.0483,0.0203,0,0.122,0.614,160.046,-1
Like a Rodeo,Kane Brown,0.67,0.661,3,-6.798,0.0466,0.704,0,0.217,0.425,119.985,-1
"Red Dirt, Blue Eyes",Dustin Lynch,0.508,0.841,8,-4.517,0.0622,0.0601,1.92e-05,0.218,0.779,159.937,-1
Got It Bad,Louie Bello,0.573,0.684,4,-6.819,0.204,0.202,0,0.0905,0.863,179.748,-1
Let It Be Mine,Brett Young,0.362,0.576,0,-7.041,0.0337,0.0572,9.45e-06,0.107,0.568,82.079,-1
Drowning,Chris Young,0.438,0.661,5,-5.189,0.0359,0.211,0,0.0865,0.319,75.989,-1
Look At Us Now,Dylan Scott,0.595,0.792,6,-5.305,0.0359,0.0383,3.93e-05,0.0815,0.568,130.087,-1
How Did You Know,On The Outside,0.575,0.622,8,-4.966,0.0257,0.24,0,0.0668,0.447,94.086,-1
Chapters,Brett Young,0.589,0.613,11,-6.816,0.0379,0.179,0,0.0967,0.643,81.015,-1
So That Girl,Bailey Hefley,0.569,0.777,6,-4.053,0.0691,0.0402,0,0.22,0.625,184.105,-1
Corners of My Mind,John Gurney,0.729,0.624,5,-6.447,0.0413,0.318,0.00535,0.157,0.594,123.95,-1
Head Over Heels,Runaway June,0.578,0.879,4,-4.912,0.0306,0.0296,0,0.22,0.699,93.006,-1
Reason Why,Matt Stell,0.42,0.843,7,-4.079,0.045,0.00446,5.85e-06,0.0848,0.465,77.939,-1
Marry Me,Thomas Rhett,0.588,0.408,3,-8.662,0.0237,0.113,0,0.13,0.484,85.008,-1
Simple,Florida Georgia Line,0.375,0.889,3,-3.704,0.0991,0.0848,0,0.136,0.881,199.669,-1
Hurricane,Luke Combs,0.464,0.813,10,-6.185,0.0416,0.0153,0,0.254,0.516,75.975,-1
Singles You Up,Jordan Davis,0.491,0.907,7,-3.594,0.0481,0.0491,0,0.242,0.631,199.943,-1
Take Back Home Girl (feat. Tori Kelly),Chris Lane,0.488,0.783,11,-3.967,0.0725,0.356,0,0.0921,0.664,159.924,-1
Small Town Boy,Dustin Lynch,0.554,0.743,9,-6.016,0.0287,0.0251,0,0.359,0.673,72.997,-1
Yours,Russell Dickerson,0.555,0.722,11,-6.005,0.034,0.119,0,0.0861,0.559,134.058,-1
Written in the Sand,Old Dominion,0.725,0.437,6,-9.602,0.0575,0.593,0,0.0842,0.759,83.985,-1
In Case You Didn't Know,Brett Young,0.607,0.536,10,-7.306,0.0305,0.386,0,0.102,0.434,147.986,-1
All on Me,Devin Dawson,0.634,0.668,5,-5.488,0.0291,0.14,0,0.216,0.635,80.989,-1
Up Down (feat. Florida Georgia Line),Morgan Wallen,0.588,0.885,6,-3.046,0.0346,0.0788,0,0.175,0.786,129.933,-1
Greatest Love Story,LANCO,0.671,0.617,10,-8.72,0.0561,0.401,0,0.119,0.62,147.986,-1
Parallel Line,Keith Urban,0.621,0.477,0,-5.284,0.0334,0.202,0,0.215,0.481,81.976,-1
Losing Sleep,Chris Young,0.584,0.621,1,-5.703,0.0443,0.0715,1.68e-06,0.389,0.634,92.003,-1
I'd Be Jealous Too,Dustin Lynch,0.716,0.718,0,-5.355,0.0293,0.0896,0,0.473,0.537,100.934,-1
Born to Love You,LANCO,0.659,0.902,7,-6.192,0.0296,0.13,9.45e-05,0.0574,0.809,124.985,-1
The Long Way,Brett Eldredge,0.488,0.637,10,-7.63,0.0401,0.265,0,0.106,0.23,88.865,-1
Life Changes,Thomas Rhett,0.687,0.842,7,-4.382,0.058,0.105,0,0.0436,0.778,87.968,-1
Break Up in the End,Cole Swindell,0.51,0.386,1,-8.391,0.0307,0.456,0,0.252,0.266,86.36,-1
The Git Up,Blanco Brown,0.847,0.678,9,-8.635,0.109,0.0669,0,0.274,0.811,97.984,-1
Solway Firth,Slipknot,0.214,0.969,11,-3.924,0.106,0.000347,0.246,0.138,0.0369,159.948,-2
Earth & Sky,Of Mice & Men,0.352,0.967,0,-4.326,0.0843,0.000304,0.0811,0.356,0.271,177.407,-2
I'll Be There,Bad Wolves,0.579,0.874,8,-6.006,0.0672,5.13e-05,0.0592,0.0947,0.608,127.995,-2
Pay No Mind,Alter Bridge,0.302,0.929,6,-5.157,0.0787,8.21e-06,0.667,0.111,0.257,195.871,-2
Layers of Time,Lacuna Coil,0.422,0.908,2,-3.019,0.0452,2.03e-05,0.0688,0.148,0.112,94.033,-2
I Am Broken Too,Killswitch Engage,0.421,0.973,7,-4.221,0.0621,3.11e-05,0.00536,0.224,0.634,75.035,-2
You Ain't Ready,Skillet,0.52,0.973,4,-3.952,0.0702,0.00285,0,0.377,0.622,94.078,-2
The Cure,Wolves At The Gate,0.468,0.969,10,-4.535,0.0966,4.17e-05,0.000123,0.0451,0.113,90.014,-2
New Gods,Thy Art Is Murder,0.388,0.979,4,-3.296,0.161,4.34e-05,0,0.0752,0.0582,140.03,-2
The Hunted (feat. Sully Erna),Saint Asonia,0.322,0.95,2,-4.553,0.182,1.52e-05,9.61e-06,0.158,0.263,199.958,-2
Mirrors,Fit For An Autopsy,0.455,0.926,7,-4.59,0.0591,0.000406,0,0.0626,0.0789,121.001,-2
Wrath,War Of Ages,0.385,0.955,6,-5.096,0.134,6.96e-05,0.349,0.459,0.291,119.791,-2
Cheapside Sloggers (feat. Gary Holt),Volbeat,0.422,0.932,6,-4.174,0.0535,8.95e-05,0.0454,0.209,0.359,142.072,-2
Bat Salad,High On Fire,0.287,0.837,6,-7.649,0.079,0.00658,0.61,0.144,0.598,103.691,-2
Burn!,Kobra And The Lotus,0.392,0.86,2,-4.315,0.0895,0.000539,6.53e-05,0.139,0.453,161.987,-2
Break Me Down,Sleeping With Sirens,0.478,0.985,5,-3.005,0.127,0.0051,0,0.153,0.321,91.941,-2
Cheyenna,The 69 Eyes,0.503,0.915,6,-5.896,0.0478,0.000407,0.547,0.129,0.399,132.002,-2
Path of Destiny,Equilibrium,0.451,0.978,4,-5.049,0.0932,0.000119,0.0501,0.287,0.252,106.002,-2
[Mind Over Mind],Norma Jean,0.353,0.976,1,-3.319,0.139,6.5e-06,0.0244,0.33,0.25,143.765,-2
Take Me,Gideon,0.561,0.967,10,-3.532,0.0788,0.000105,0.0268,0.152,0.309,119.965,-2
Innocent,Uneven Structure,0.515,0.687,6,-9.631,0.0585,0.00116,9.56e-05,0.106,0.332,105.967,-2
Divine Isolation,All Out War,0.323,0.987,2,-5.459,0.119,2.5e-05,0.0139,0.409,0.243,111.818,-2
Celestite Woman,Lacrimas Profundere,0.404,0.984,0,-4.481,0.0485,0.00123,0.745,0.366,0.766,156.004,-2
"If You Know, You Know",TheCityIsOurs,0.529,0.972,6,-3.907,0.0874,0.000322,0.000161,0.26,0.381,100.067,-2
Decompose,Wednesday 13,0.391,0.822,2,-8.549,0.0553,2.91e-05,0.00845,0.0745,0.291,133.672,-2
Burn It All Down,The Agonist,0.446,0.988,2,-4.555,0.17,2.19e-06,0.0438,0.313,0.133,116.3,-2
Who I Am,Wage War,0.502,0.968,1,-3.423,0.155,0.000909,1.46e-06,0.621,0.209,106.994,-2
Elimination,Entombed A.D.,0.096,0.969,7,-5.085,0.106,5.2e-05,0.278,0.214,0.0668,163.329,-2
The Dark Companion,Damnation Defaced,0.505,0.879,2,-6.117,0.0563,0.000447,0.311,0.335,0.0753,114.985,-2
Swamp,Psycho Choke,0.571,0.96,7,-3.862,0.0635,0.000304,0,0.109,0.594,113.941,-2
The Omniscient,The Great Old Ones,0.343,0.944,8,-6.383,0.117,7.24e-05,0.903,0.131,0.0347,95.012,-2
Heartfeeder,Forgetting The Memories,0.332,0.957,3,-3.721,0.114,5.15e-05,0.00574,0.122,0.33,160.075,-2
Crowned in Retaliation,Vitriol,0.214,0.981,0,-3.88,0.101,7.59e-06,0.868,0.103,0.0347,82.679,-2
Zerfall,Finsterforst,0.363,0.965,4,-4.206,0.0774,2.4e-05,0.00469,0.278,0.333,162.17,-2
All Consuming Filth,Implore,0.398,0.973,6,-4.041,0.0641,7.73e-06,0.968,0.333,0.213,94.012,-2
The Flood,Cabin Boy Jumped Ship,0.47,0.91,8,-4.072,0.0543,0.000746,3.25e-05,0.335,0.42,139.933,-2
82nd All the Way,Sabaton,0.479,0.974,0,-5.973,0.22,0.00205,0,0.113,0.352,162.034,-2
Fortune Teller,Stray From The Path,0.339,0.963,1,-2.129,0.141,0.000649,0,0.337,0.557,138.88,-2
Seeing Red,Obey The Brave,0.416,0.995,7,-3.502,0.17,4.04e-05,0.000134,0.121,0.107,75.063,-2
Trapped in the Grasp of a Memory,Knocked Loose,0.324,0.953,10,-3.653,0.201,0.000226,2.5e-05,0.86,0.124,142.825,-2
Heart in Hand,Opeth,0.457,0.911,9,-6.835,0.0956,0.00011,0.143,0.339,0.205,120.016,-2
The Violence,Asking Alexandria,0.646,0.851,8,-4.22,0.0662,0.00618,0,0.629,0.333,129.918,-2
All Animal,Through Fire,0.57,0.924,9,-4.772,0.0875,1.66e-05,0.0113,0.0819,0.332,101.046,-2
Problems,Stitched Up Heart,0.249,0.935,6,-3.835,0.168,0.00542,0,0.107,0.364,184.482,-2
Blinded,Alien Weaponry,0.509,0.852,6,-6.27,0.0838,0.000134,0.0561,0.0956,0.128,187.016,-2
BLURRY (out of place),Crown The Empire,0.357,0.829,1,-5.071,0.0993,0.00225,0,0.113,0.464,194.002,-2
Fools Gold,Nemesea,0.524,0.924,11,-5.779,0.0532,0.000615,0.0264,0.2,0.5,95.115,-2
Manifest Reality,Sacred Reich,0.409,0.976,8,-8.37,0.0497,0.00113,0.131,0.615,0.387,91.037,-2
Loneliness,Underoath,0.355,0.937,1,-4.099,0.0522,0.000202,0.00372,0.301,0.445,177.034,-2
Levitate,Sleep Token,0.465,0.373,0,-10.389,0.0335,0.673,0.00187,0.0814,0.0566,128.001,-2
Dove and Fist,Stick To Your Guns,0.467,0.98,7,-3.646,0.18,9.17e-05,0,0.391,0.328,93.967,-2
The Bastard Son,Monolord,0.411,0.57,4,-10.627,0.0287,0.00363,0.869,0.154,0.216,108.233,-2
Beg for Life,Tomb Mold,0.295,0.93,0,-6.027,0.0821,0.00862,0.83,0.355,0.0761,126.531,-2
Use Me,Wither,0.443,0.975,2,-6.206,0.146,0.000278,0.00213,0.117,0.0895,135.014,-2
Bloodlust Contamination,Creeping Death,0.153,0.994,9,-4.23,0.0924,0.000216,0.893,0.343,0.32,89.015,-2
Hole In Me,Void Of Vision,0.278,0.991,11,-0.386,0.139,0.000297,0.0841,0.334,0.167,114.982,-2
Empty & Hollow,And Hell Followed With,0.357,0.992,11,-3.498,0.145,0.000422,0.0012,0.369,0.0324,99.964,-2
Acacius,Hills Have Eyes,0.456,0.901,11,-5.664,0.0659,1.16e-05,6.21e-06,0.0889,0.167,108.491,-2
Leech,Somewhere to Call Home,0.51,0.991,10,-4.461,0.109,0.000694,6.85e-06,0.761,0.206,115.874,-2
Eschatology,Walking Across Jupiter,0.518,0.947,0,-7.18,0.0602,6.43e-05,0.0157,0.181,0.347,105.017,-2
Hurricane,Convictions,0.194,0.972,2,-3.346,0.189,0.000454,1.74e-05,0.114,0.326,165.001,-2
My Time,Exhorder,0.38,0.967,7,-9.869,0.068,3.84e-05,0.000889,0.0623,0.118,203.961,-2
Sacrilegious,Sharks In Your Mouth,0.419,0.998,10,-3.458,0.448,0.00511,0,0.0856,0.0338,150.087,-2
M.E.T.A.L.,Freedom Call,0.456,0.901,6,-3.922,0.127,0.00265,9.26e-05,0.0971,0.549,162.059,-2
Prototype,Unprocessed,0.575,0.943,0,-6.803,0.121,0.000697,0.235,0.663,0.0671,132.52,-2
Savior,Hollow City,0.569,0.918,1,-6.277,0.0788,0.000161,7.23e-06,0.398,0.843,108.032,-2
Dawn of the Dragonstar,Twilight Force,0.284,0.861,7,-6.829,0.0782,0.00068,0,0.156,0.24,175.074,-2
DROWN,My Favourite Nemesis,0.439,0.955,7,-5.345,0.0956,8.39e-05,0.00442,0.322,0.252,76.522,-2
Wings of Steel,Burning Witches,0.448,0.99,1,-3.044,0.109,2.46e-05,0.0208,0.209,0.314,148.067,-2
Betrayal,Destruction,0.449,0.994,9,-4.21,0.148,1.33e-05,0.16,0.289,0.1,95.511,-2
Dead Weight,Fear Of Domination,0.504,0.95,11,-5.596,0.16,0.000807,0,0.187,0.222,144.92,-2
Hate Circuit,Bound in Fear,0.341,0.901,7,-5.222,0.18,0.00024,0.494,0.248,0.195,133.001,-2
Persistence,Flaw,0.549,0.96,1,-4.388,0.122,0.000266,5.82e-05,0.33,0.334,110.049,-2
Ethereal Nightmare,Hatriot,0.344,0.993,1,-4.42,0.228,7.06e-05,0.527,0.313,0.0975,199.952,-2
Mistakes,Vitja,0.299,0.944,4,-4.997,0.0698,0.00371,5.6e-06,0.313,0.341,130.02,-2
I See You in Me,As I May,0.312,0.941,4,-5.708,0.0841,0.000156,2.9e-05,0.218,0.329,179.986,-2
Cryptoubiquity,Wormed,0.187,0.93,11,-8.907,0.297,0.000609,0.85,0.111,0.038,150.001,-2
Freakshow,Nervosa,0.453,0.994,1,-3.721,0.112,3.79e-06,0.146,0.337,0.307,130.072,-2
Mutinous,"Oh, Sleeper",0.29,0.959,1,-3.073,0.124,0.000155,0,0.22,0.453,131.639,-2
All I Wanna Do is Fuck (Myself Tonight),Steel Panther,0.447,0.962,1,-3.079,0.137,0.00115,0,0.136,0.323,165.92,-2
No Road Too Long,Terror,0.415,0.982,6,-2.908,0.141,0.000134,8.46e-06,0.0933,0.207,107.606,-2
Oh My God,HELLYEAH,0.315,0.975,6,-2.912,0.198,0.000368,0,0.248,0.35,159.455,-2
COEXIST,coldrain,0.513,0.971,1,-3.979,0.106,7.4e-05,6.94e-06,0.26,0.374,138.055,-2
Heroes of the Dawn,Visions of Atlantis,0.501,0.873,0,-7.724,0.0571,0.00191,0,0.0679,0.387,147.969,-2
From Hell,Casket Robbery,0.473,0.965,1,-5.177,0.124,7.88e-05,4.08e-05,0.534,0.408,170.969,-2
Silverseal,Elvenking,0.586,0.953,11,-5.129,0.0917,0.000706,8.12e-05,0.0344,0.578,107.472,-2
Lovesick,The Offering,0.399,0.964,1,-6.123,0.11,4.81e-05,0,0.245,0.197,154.986,-2
Sick Statistic,Year of the Knife,0.236,0.996,4,-2.789,0.208,0.000567,2.09e-05,0.291,0.113,157.478,-2
Path to Destruction,In Search of Solace,0.558,0.944,6,-3.382,0.12,0.000278,0,0.448,0.631,129.972,-2
Endless War,Suicidal Angels,0.485,0.966,2,-6.582,0.0893,0.00185,0.00894,0.157,0.421,179.996,-2
Through Eyes of Stone,1349,0.414,0.945,0,-11.952,0.0802,3.56e-06,0.682,0.283,0.0457,112.546,-2
The Eye,Domination Inc.,0.518,0.996,1,-5.327,0.229,4.77e-06,0.181,0.32,0.0396,127.542,-2
Shaking off the Disease,The Oklahoma Kid,0.494,0.926,7,-7.171,0.065,0.000797,0.214,0.164,0.341,107.022,-2
Shape Your Reality,NorthTale,0.416,0.983,10,-4.086,0.131,0.000187,0.00132,0.445,0.193,164.982,-2
With Hate,Illdisposed,0.41,0.969,10,-6.749,0.0336,4.31e-05,0.392,0.345,0.321,92.995,-2
You Are the Air That I Breathe - Single Version,Narnia,0.509,0.93,1,-6.03,0.045,0.000446,1.23e-06,0.288,0.628,126.042,-2
Narcissistic Paraphilia,Devourment,0.24,0.902,6,-7.547,0.0888,8.2e-05,0.863,0.37,0.294,111.074,-2
The Demoness,Auras,0.467,0.986,11,-4.458,0.108,7.01e-06,0.0178,0.158,0.391,130.026,-2
No Cure,Capture,0.419,0.949,1,-4.937,0.125,0.000322,0.00285,0.822,0.134,143.023,-2
World War X,Carnifex,0.312,0.96,10,-6.164,0.264,9.75e-05,0.19,0.806,0.0699,112.43,-2
Penance,Uniform,0.517,0.734,2,-10.535,0.0302,0.000313,0.849,0.0939,0.0354,115.998,-2
Anxiety,Gatecreeper,0.171,0.98,7,-5.553,0.144,9.27e-06,0.336,0.364,0.182,158.076,-2
Fiesta Y Copas,Sinner,0.512,0.893,0,-4.749,0.053,3.17e-05,0.000631,0.11,0.584,145.093,-2
Pages from a Manuscript,Second to Sun,0.369,0.884,2,-6.159,0.0789,0.000154,0.884,0.728,0.0953,170.118,-2
Longclaw,Earth Eater,0.466,0.965,1,-3.29,0.211,0.00112,0.0565,0.247,0.0591,99.971,-2
Belligerent 'Til Death,Aura Noir,0.275,0.995,6,-4.874,0.202,0.000429,0.00123,0.0764,0.0888,122.202,-2
Melting Eyes,VAK,0.445,0.771,10,-7.09,0.051,6.63e-05,0.824,0.305,0.131,110.921,-2
Stumbling Toward Catharsis,Immortal Bird,0.264,0.945,2,-4.413,0.15,1.6e-05,0.41,0.0642,0.0389,104.91,-2
Phantom Pain,Gravemind,0.394,0.988,3,-2.852,0.174,0.000309,0.000183,0.412,0.251,160.066,-2
Unleashed,Killswitch Engage,0.531,0.984,7,-7.243,0.0607,0.000158,0.000788,0.168,0.133,120.016,-2
You'll Never Find Me,Korn,0.581,0.903,8,-5.013,0.0786,9.07e-05,0.124,0.187,0.177,107.028,-2
Gasoline,I Prevail,0.546,0.945,1,-4.399,0.0531,0.000311,0,0.724,0.545,135.128,-2
DEUTSCHLAND,Rammstein,0.521,0.895,7,-5.242,0.0442,5.54e-05,0.349,0.0985,0.237,120.117,-2
Unsainted,Slipknot,0.427,0.944,7,-2.885,0.0565,0.000197,0.0159,0.0625,0.248,101.078,-2
All Pride No Pain,Upon A Burning Body,0.594,0.933,4,-6.072,0.198,0.00017,0.359,0.264,0.159,108.041,-2
Drowning In The Sound,Trivium,0.478,0.972,6,-4.157,0.153,0.00114,0.000122,0.354,0.245,100.05,-2
Brand New Numb,Motionless In White,0.566,0.886,0,-3.63,0.0902,0.000348,0,0.494,0.619,130.066,-2
I Am Above,In Flames,0.544,0.98,10,-4.495,0.108,3.42e-05,6.85e-06,0.0689,0.191,120.026,-2
Counterfeit,Wolves At The Gate,0.469,0.977,1,-3.535,0.0506,1.08e-05,0,0.591,0.333,95.009,-2
Wouldn’t You Rather,Alter Bridge,0.46,0.967,1,-4.781,0.0911,3.67e-06,0.873,0.274,0.228,107.992,-2
Leave It All Behind,Sleeping With Sirens,0.555,0.925,2,-4.008,0.121,0.00402,0.000345,0.122,0.308,97.495,-2
Glasswalk,Bury Tomorrow,0.505,0.929,1,-7.215,0.0571,2.89e-05,0.0269,0.0998,0.293,120.02,-2
Mirrors,Fit For An Autopsy,0.45,0.934,7,-3.309,0.0599,0.000349,0,0.0636,0.0888,121.093,-2
Burn It Down,Silverstein,0.479,0.97,7,-3.604,0.179,0.00152,0,0.0703,0.556,164.069,-2
Save Me,Skillet,0.556,0.888,1,-3.985,0.0377,0.000377,0,0.214,0.446,96.033,-2
Mushroom Cloud,Of Mice & Men,0.258,0.987,6,-3.858,0.214,4.36e-05,0.302,0.372,0.395,169.995,-2
Redefined,As I Lay Dying,0.461,0.954,7,-5.003,0.0989,4.61e-06,0.518,0.0724,0.253,140.079,-2
Spineless,Blood Youth,0.476,0.948,6,-5.489,0.106,1.91e-05,0.00117,0.221,0.303,99.988,-2
The Red Baron,Sabaton,0.404,0.97,0,-5.853,0.42,0.0257,0,0.0741,0.196,95.047,-2
AUSLÄNDER,Rammstein,0.681,0.912,0,-4.159,0.0912,0.000757,0.00136,0.359,0.479,125.031,-2
Eternal Machine,Betraying The Martyrs,0.446,0.955,1,-3.757,0.0713,1.41e-05,0.0468,0.368,0.138,97.538,-2
Disguise,Motionless In White,0.497,0.932,6,-4.621,0.0952,0.000147,0,0.11,0.482,104.932,-2
All Out Life,Slipknot,0.499,0.97,0,-2.838,0.116,0.000683,0.136,0.0871,0.0506,106.558,-2
No Absolution,Lost Society,0.523,0.94,9,-4.74,0.0532,2.64e-05,0.00861,0.18,0.425,124.027,-2
Hollowed Heart,Make Them Suffer,0.357,0.985,11,-2.878,0.159,5.67e-05,0.000454,0.152,0.35,90.302,-2
Bow Down,I Prevail,0.426,0.959,0,-4.95,0.0525,5.36e-05,6.54e-06,0.707,0.372,155.01,-2
The Champ is Coming,Upon A Burning Body,0.425,0.995,2,-4.565,0.243,1.05e-05,0.685,0.351,0.0398,90.005,-2
Bloodline,Northlane,0.524,0.973,3,-5.784,0.118,0.000108,0.259,0.158,0.367,97.462,-2
Fleur de lis,The Raven Age,0.453,0.971,2,-4.239,0.1,1.69e-05,0.000327,0.0873,0.252,85.027,-2
Of Silk and Straw,Resolve,0.422,0.994,6,-1.445,0.186,1.45e-05,0.671,0.12,0.154,90.025,-2
Renegades - A Lost Generation,Equilibrium,0.465,0.957,4,-5.959,0.081,0.000111,0.629,0.254,0.309,113.075,-2
Leviathan,Volbeat,0.545,0.86,9,-4.053,0.0383,0.00347,0.000344,0.0884,0.5,90.004,-2
War,Palisades,0.439,0.958,9,-4.236,0.0953,4.32e-06,2.41e-06,0.0641,0.254,90.036,-2
Disease,Beartooth,0.525,0.957,0,-3.742,0.0689,0.00202,3.25e-06,0.333,0.456,97.445,-2
Alone,Of Virtue,0.5,0.948,3,-2.856,0.0612,0.0013,0.0228,0.164,0.508,90.061,-2
Crack the Sky,Amon Amarth,0.511,0.948,10,-5.024,0.0637,0.00154,0.236,0.166,0.341,123.009,-2
Sudden Sky,Crown The Empire,0.512,0.945,4,-4.059,0.0566,5.79e-05,0.00171,0.104,0.249,104.981,-2
Fade,Catch Your Breath,0.59,0.873,2,-5.628,0.105,0.00027,2.2e-06,0.0681,0.204,119.978,-2
Lighthouse,Imminence,0.203,0.983,1,-5.632,0.235,1.23e-05,0.105,0.111,0.17,134.924,-2
Nimrod,Nine Shrines,0.542,0.988,11,-2.535,0.177,6.63e-06,0.0184,0.231,0.219,127.971,-2
The Reckoning,Within Temptation,0.31,0.825,1,-4.53,0.0563,0.00356,0,0.641,0.475,89.885,-2
The Old Me,Memphis May Fire,0.433,0.989,6,-3.694,0.241,4.63e-05,2.51e-05,0.623,0.508,87.442,-2
Trespass,Elwood Stray,0.475,0.954,5,-4.035,0.094,0.000253,0,0.23,0.495,134.962,-2
How To Survive,Of Mice & Men,0.533,0.979,0,-4.119,0.11,0.000257,0.000142,0.117,0.253,99.914,-2
On My Side,Demon Hunter,0.48,0.953,1,-5.061,0.0889,4.68e-06,0.0667,0.0805,0.268,95.016,-2
Savior,Any Given Day,0.48,0.977,0,-2.684,0.162,2.69e-05,6.47e-05,0.103,0.136,135.036,-2
Manic,Orchards,0.551,0.953,11,-4.091,0.0875,7.31e-05,0.000633,0.185,0.384,120.019,-2
Eternal Forward Motion,Employed To Serve,0.166,0.988,1,-3.367,0.141,1.13e-05,1.21e-05,0.462,0.207,168.629,-2
Raven's Flight,Amon Amarth,0.484,0.996,10,-5.045,0.12,0.0005,0.0817,0.382,0.0684,120.041,-2
Betrayal of The Mind,The Raven Age,0.339,0.978,10,-3.14,0.173,2.36e-05,0.000716,0.155,0.155,112.543,-2
Over It,Bullet For My Valentine,0.374,0.971,11,-4.284,0.0697,7.69e-05,0,0.322,0.701,97.625,-2
Low,Wage War,0.535,0.972,1,-4.146,0.0798,2.15e-05,0.733,0.0758,0.251,129.995,-2
Here Comes The Boom,Rise Of The Northstar,0.59,0.969,7,-3.396,0.0817,0.00214,0.132,0.952,0.223,105.022,-2
Cross Off,Mark Morton,0.532,0.935,2,-5.102,0.129,0.0001,0,0.0989,0.325,131.997,-2
Hereafter,Architects,0.513,0.973,6,-4.115,0.0849,4.58e-05,0.00326,0.224,0.159,121.018,-2
Fuck Love,All That Remains,0.504,0.952,1,-4.397,0.0869,0.000188,0.0207,0.916,0.121,96.036,-2
The Hell I Overcame,Bad Omens,0.391,0.975,10,-4.292,0.111,2.63e-05,0,0.0927,0.233,74.994,-2
The American Nightmare,Ice Nine Kills,0.516,0.974,2,-4.296,0.105,7.51e-05,0.000866,0.405,0.401,120.043,-2
No More,Disturbed,0.53,0.988,7,-2.406,0.121,0.000285,0,0.222,0.521,101.28,-2
HAUNT ME,While She Sleeps,0.485,0.968,5,-4.864,0.0912,0.0014,8.19e-06,0.23,0.269,91.973,-2
Behold The Crown,After The Burial,0.513,0.975,1,-4.754,0.116,1.46e-05,0.626,0.245,0.143,102.465,-2
333,HELLYEAH,0.515,0.997,5,-1.959,0.112,0.00067,3.07e-06,0.373,0.461,104.019,-2
Black Flame,Bury Tomorrow,0.41,0.938,5,-5.04,0.075,0.000361,0.00465,0.153,0.163,148.991,-2
Paralyzed,Dream Theater,0.465,0.936,6,-5.05,0.138,8.84e-05,0.000328,0.0661,0.461,82.006,-2
Chaos And Earthquakes,Nonpoint,0.524,0.843,10,-5.578,0.0536,0.000417,0.125,0.375,0.212,85.993,-2
Platitudes and Barren Words,Children Of Bodom,0.314,0.963,2,-7.234,0.0595,6.31e-06,0.213,0.342,0.401,179.944,-2
Blood Eagle,Periphery,0.492,0.982,1,-5.251,0.147,8.87e-05,0.0108,0.392,0.0877,124.94,-2
Coma Blue,Annisokay,0.222,0.987,2,-4.588,0.165,1.31e-05,0.0162,0.63,0.116,113.733,-2
Dominate Me,Fight The Fury,0.589,0.976,7,-3.024,0.0726,3.26e-05,0.189,0.248,0.356,121.982,-2
THE GUILTY PARTY,While She Sleeps,0.525,0.943,0,-5.652,0.0631,0.0029,7.37e-05,0.0698,0.184,108.972,-2
Anger Left Behind,Atreyu,0.416,0.987,0,-3.333,0.21,0.0567,0.000145,0.0853,0.258,155.045,-2
Inferno,Amaranthe,0.56,0.97,7,-6.071,0.106,0.000244,2.06e-05,0.182,0.381,99.992,-2
BURN IT,FEVER 333,0.586,0.951,6,-3.022,0.209,0.00461,0,0.0767,0.471,130.009,-2
Close Enough,Demon Hunter,0.559,0.943,7,-5.069,0.176,3.88e-05,0.0284,0.146,0.274,134.992,-2
"I, the Mask",In Flames,0.47,0.988,10,-4.133,0.0836,2.67e-05,0.0154,0.31,0.463,104.995,-2
Vultures,Wheel,0.332,0.841,2,-6.888,0.043,3.34e-05,0.199,0.806,0.556,132.712,-2
Arrival,Soilwork,0.476,0.99,4,-3.491,0.12,5.4e-06,0.251,0.661,0.149,119.973,-2
Heavy Is The Weight (feat. Andy Mineo),Memphis May Fire,0.556,0.951,9,-3.179,0.0729,0.000464,0,0.292,0.482,128.051,-2
Dreadful Moments,Jinjer,0.489,0.962,9,-3.925,0.0614,2.57e-05,0.0233,0.141,0.276,101.989,-2
Black Bear,Whitechapel,0.517,0.994,0,-4.29,0.187,0.000252,0.717,0.0403,0.133,105.145,-2
Final Breath,The Browning,0.137,0.946,7,-4.629,0.099,0.00243,0.00444,0.168,0.171,175.361,-2
Happy Song,Bring Me The Horizon,0.296,0.912,5,-3.433,0.0645,3.45e-05,0.00264,0.389,0.276,171.931,-2
Shout At The Devil,Mötley Crüe,0.489,0.953,0,-4.615,0.0858,0.02,0.00021,0.113,0.447,94.443,-2
Jekyll and Hyde,Five Finger Death Punch,0.537,0.964,9,-4.157,0.113,0.000599,1.14e-05,0.0564,0.712,155.017,-2
Crushed,Parkway Drive,0.404,0.964,2,-4.569,0.115,0.00228,5.16e-06,0.0888,0.24,84.996,-2
The Heart From Your Hate,Trivium,0.582,0.928,10,-4.659,0.0635,0.00876,5.03e-06,0.297,0.565,113.043,-2
Throne,Bring Me The Horizon,0.426,0.888,0,-3.72,0.0987,0.000455,0,0.306,0.387,144.111,-2
Looks That Kill,Mötley Crüe,0.485,0.945,0,-5.954,0.0402,0.0033,0.00525,0.0997,0.731,135.957,-2
The Sound Of Truth,As I Lay Dying,0.368,0.981,2,-4.084,0.12,2.02e-05,0.00549,0.129,0.277,165.018,-2
Vice Grip,Parkway Drive,0.48,0.988,11,-3.229,0.0838,3.17e-05,0.00432,0.389,0.252,124.041,-2
Looking Down the Barrel of Today,Hatebreed,0.487,0.987,1,-4.71,0.0812,0.000651,0.0506,0.284,0.499,180.065,-2
March of the S.O.D.,S.O.D.,0.414,0.72,9,-12.889,0.0402,0.00702,0.788,0.32,0.853,146.459,-2
You Want a Battle? (Here's a War),Bullet For My Valentine,0.295,0.98,2,-4.075,0.0854,3.21e-05,0,0.359,0.283,134.335,-2
Hail to the King,Avenged Sevenfold,0.585,0.887,3,-5.086,0.0362,0.000376,0.0518,0.132,0.711,118.035,-2
Omerta,Lamb of God,0.413,0.982,6,-4.079,0.201,0.00242,0.00112,0.323,0.155,118.504,-2
Wash It All Away,Five Finger Death Punch,0.485,0.987,4,-3.1,0.0738,2.08e-05,0,0.267,0.272,123.576,-2
Wild Eyes,Parkway Drive,0.299,0.99,6,-3.498,0.156,0.000732,0.000405,0.165,0.197,110.313,-2
Broken Cross,Architects,0.434,0.956,8,-4.888,0.141,3.02e-05,0.000252,0.119,0.174,159.977,-2
Can You Feel My Heart,Bring Me The Horizon,0.15,0.859,4,-2.827,0.0595,0.00201,0.194,0.387,0.354,170.527,-2
Unholy Confessions,Avenged Sevenfold,0.448,0.875,2,-5.446,0.0666,0.000359,0.00109,0.255,0.524,92.53,-2
My Last Serenade,Killswitch Engage,0.441,0.943,3,-4.996,0.138,0.000506,0.0397,0.122,0.142,177.971,-2
In Between,Beartooth,0.462,0.972,7,-2.642,0.138,0.00285,0,0.666,0.449,128.092,-2
Not The American Average,Asking Alexandria,0.236,0.892,2,-4.106,0.188,0.0305,0,0.278,0.0685,184.981,-2
Concubine,Converge,0.206,0.968,9,-3.648,0.201,0.000309,0.00959,0.253,0.187,168.116,-2
Waking the Demon,Bullet For My Valentine,0.314,0.995,2,-3.14,0.1,2.98e-05,0.00452,0.287,0.142,127.971,-2
Earthbound,Bury Tomorrow,0.473,0.988,1,-3.078,0.0721,0.00438,2.37e-05,0.281,0.283,99.89,-2
Writing On The Walls,Underoath,0.358,0.959,2,-3.139,0.0874,0.00364,0.000237,0.356,0.171,91.938,-2
My Will Be Done,Unearth,0.219,0.921,7,-5.663,0.0787,1.37e-05,0.0515,0.123,0.535,166.307,-2
Born To Lose,The Devil Wears Prada,0.229,0.99,4,-2.901,0.158,0.000189,0.0447,0.263,0.173,164.892,-2
Nerdy,Poison The Well,0.419,0.872,9,-6.611,0.131,8.41e-05,1.26e-06,0.31,0.238,116.964,-2
The Sinner,Memphis May Fire,0.207,0.977,1,-2.583,0.193,1.41e-05,0,0.296,0.42,128.278,-2
Heartless,The Word Alive,0.398,0.91,1,-5.197,0.0626,0.00107,0,0.27,0.224,175.039,-2
Forgive And Forget,Miss May I,0.51,0.987,1,-2.375,0.139,0.000172,0,0.27,0.147,114.999,-2
DEMON(S),Darkest Hour,0.133,0.957,7,-4.391,0.147,2.18e-06,0.0897,0.365,0.105,80.095,-2
Memorial,Caliban,0.448,0.913,11,-3.094,0.0399,3.92e-05,1.46e-05,0.236,0.233,92.482,-2
Love Lost In a Hail of Gun Fire,Bleeding Through,0.261,0.916,11,-6.726,0.147,0.00063,0.000339,0.104,0.295,146.328,-2
Guys Like You Make Us Look Bad,blessthefall,0.173,0.926,2,-4.027,0.132,0.000713,0.043,0.291,0.0703,201.231,-2
Sweet Nothings Gone Forever,Evergreen Terrace,0.34,0.911,7,-6.196,0.0557,0.00161,0.000441,0.597,0.173,104.427,-2
Have Patience,Coalesce,0.361,0.959,1,-5.332,0.174,3.78e-05,0.886,0.259,0.137,95.652,-2
Rage,Attila,0.354,0.928,6,-4.501,0.179,0.000263,0.00334,0.321,0.528,139.961,-2
To Our Friends in the Great White North,Botch,0.222,0.92,11,-4.512,0.102,1.99e-05,0.865,0.335,0.184,74.811,-2
By the River,Vision Of Disorder,0.246,0.992,9,-2.75,0.0912,9.12e-06,0.514,0.27,0.144,97.249,-2
Scornful Of The Motives And Virtue Of Others,Shai Hulud,0.234,0.972,0,-5.869,0.13,0.00289,0.000253,0.167,0.432,94.59,-2
The Worst Is yet to Come,Still Remains,0.351,0.995,8,-3.174,0.134,0.000177,0.00284,0.322,0.143,193.946,-2
Mordecai,Between The Buried And Me,0.199,0.913,4,-5.772,0.0915,0.00023,0.153,0.232,0.266,148.641,-2
Murder Mitten,I See Stars,0.399,0.974,4,-3.423,0.105,0.000281,0.0517,0.137,0.121,143.009,-2
Thoughts Without Words,Shadows Fall,0.42,0.959,1,-4.058,0.155,0.00209,0.000686,0.203,0.322,89.583,-2
Ebolarama,Every Time I Die,0.35,0.964,2,-4.838,0.103,0.00124,3.14e-05,0.179,0.266,92.576,-2
Caboose,Snapcase,0.424,0.958,6,-4.167,0.0983,6.06e-05,1.03e-05,0.376,0.559,98.287,-2
Moral Eclipse,Cave In,0.227,0.903,0,-5.795,0.099,0.000288,3.87e-05,0.267,0.125,89.563,-2
Forced March,Earth Crisis,0.279,0.823,7,-8.854,0.0771,0.000306,0.00768,0.172,0.222,99.912,-2
43% Burnt,The Dillinger Escape Plan,0.349,0.925,9,-6.767,0.157,6.02e-05,0.000312,0.0577,0.282,138.946,-2
"Lies Of Serpents, A River Of Tears",Zao,0.309,0.758,0,-7.7,0.0655,6.25e-05,0.579,0.173,0.152,145.439,-2
Memphis Will Be Laid To Waste - Bless The Matyr Album Version,Norma Jean,0.193,0.948,5,-5.623,0.138,0.00749,0.00515,0.306,0.158,81.636,-2
Short Stories With Tragic Endings,From Autumn To Ashes,0.215,0.752,9,-6.481,0.0441,0.000717,0.009,0.112,0.0585,93.758,-2
